id,created_at,color,roll
YArww4Ywrz,2025-08-03 15:30:18,black,13
pJ1ov4wnrd,2025-08-03 15:30:48,black,13
KV16xR8RlB,2025-08-03 15:31:18,red,1
96rX6aEPkO,2025-08-03 15:31:48,red,2
mDlZwVe8rj,2025-08-03 15:32:18,white,0
9YrJN76VrK,2025-08-03 15:32:48,black,11
jxrM7byDkQ,2025-08-03 15:33:18,black,8
LKl3Wve7lN,2025-08-03 15:33:48,black,8
WplzmJKWkn,2025-08-03 15:34:18,black,9
yAlAV9QwrG,2025-08-03 15:34:48,red,7
3Ery2wOD1j,2025-08-03 15:35:18,red,6
KRkb4oaprL,2025-08-03 15:35:48,red,6
GR1pDXog15,2025-08-03 15:36:18,black,13
3elYeBPYlL,2025-08-03 15:36:48,black,14
OWld4o5El3,2025-08-03 15:37:18,red,6
AXlOXYpzrO,2025-08-03 15:37:49,black,9
M9rKaAXZk6,2025-08-03 15:38:19,red,6
WG17a0qBlZ,2025-08-03 15:38:49,white,0
BylLPyAxlG,2025-08-03 15:39:19,red,6
gM19q92K1A,2025-08-03 15:39:49,black,10
xmlNmpb0kv,2025-08-03 15:40:19,red,4
7dlEPpVvkv,2025-08-03 15:40:49,black,14
QqlPmdYQrz,2025-08-03 15:41:19,black,11
EV1eao4j1o,2025-08-03 15:41:49,black,10
Nz1xzwdmlp,2025-08-03 15:42:19,red,2
V5k0X0NEkY,2025-08-03 15:42:49,black,13
vRl8R5Wa1K,2025-08-03 15:43:19,red,2
3V1qw46ylB,2025-08-03 15:43:49,black,12
MerWeaNRkX,2025-08-03 15:44:19,black,9
N8r2oWPg1b,2025-08-03 15:44:49,red,3
Y8kG7djZkZ,2025-08-03 15:45:19,white,0
DV1aeoG31e,2025-08-03 15:45:49,red,5
JblRmKOOkO,2025-08-03 15:46:19,black,13
AKl5RM0or9,2025-08-03 15:46:50,red,5
O2l46vxo1n,2025-08-03 15:47:20,red,7
8LknanjR13,2025-08-03 15:47:50,black,10
eRlv8opG1j,2025-08-03 15:48:20,red,1
04lQmOMwln,2025-08-03 15:48:50,red,2
zokgZnOV1y,2025-08-03 15:49:20,black,12
4J1mXnEgrj,2025-08-03 15:49:50,black,10
Jw1DPbME1E,2025-08-03 15:50:20,red,4
o5rVGw341K,2025-08-03 15:50:50,red,7
2O1BXAMjlK,2025-08-03 15:51:20,white,0
4ekjRnLdk9,2025-08-03 15:51:50,red,4
YArww4awrz,2025-08-03 15:52:20,red,4
pJ1ov4enrd,2025-08-03 15:52:50,red,2
KV16xR6RlB,2025-08-03 15:53:20,black,13
96rX6aMPkO,2025-08-03 15:53:50,red,4
mDlZwVM8rj,2025-08-03 15:54:20,red,7
9YrJN7MVrK,2025-08-03 15:54:50,red,5
jxrM7bMDkQ,2025-08-03 15:55:20,red,1
LKl3Wvj7lN,2025-08-03 15:55:51,red,6
WplzmJ4Wkn,2025-08-03 15:56:21,black,13
yAlAV9MwrG,2025-08-03 15:56:51,black,9
3Ery2w5D1j,2025-08-03 15:57:21,red,2
KRkb4oyprL,2025-08-03 15:57:51,black,9
GR1pDXxg15,2025-08-03 15:58:21,red,2
3elYeBMYlL,2025-08-03 15:58:51,red,3
OWld4opEl3,2025-08-03 15:59:21,red,1
AXlOXYMzrO,2025-08-03 15:59:51,black,12
M9rKaAMZk6,2025-08-03 16:00:21,red,3
WG17a0XBlZ,2025-08-03 16:00:52,black,10
BylLPyMxlG,2025-08-03 16:01:22,red,5
gM19q9MK1A,2025-08-03 16:01:52,red,6
xmlNmpM0kv,2025-08-03 16:02:22,black,12
yAlAV9MRrG,2025-08-03 16:02:52,black,13
3Ery2w5N1j,2025-08-03 16:03:22,red,3
KRkb4oywrL,2025-08-03 16:03:52,black,14
GR1pDXxa15,2025-08-03 16:04:22,black,13
3elYeBMGlL,2025-08-03 16:04:52,black,11
OWld4opAl3,2025-08-03 16:05:22,black,12
AXlOXYMyrO,2025-08-03 16:05:52,black,9
M9rKaAMNk6,2025-08-03 16:06:22,white,0
WG17a0XjlZ,2025-08-03 16:06:52,black,12
BylLPyMblG,2025-08-03 16:07:22,red,7
gM19q9M71A,2025-08-03 16:07:52,black,9
xmlNmpMbkv,2025-08-03 16:08:22,black,14
7dlEPpMMkv,2025-08-03 16:08:52,white,0
QqlPmdMRrz,2025-08-03 16:09:22,black,9
EV1eaoYe1o,2025-08-03 16:09:53,black,10
Nz1xzwR4lp,2025-08-03 16:10:23,white,0
V5k0X0V8kY,2025-08-03 16:10:53,black,9
vRl8R5JX1K,2025-08-03 16:11:23,red,2
3V1qw4xXlB,2025-08-03 16:11:53,red,5
MerWeamgkX,2025-08-03 16:12:23,black,14
N8r2oWjN1b,2025-08-03 16:12:53,red,5
Y8kG7demkZ,2025-08-03 16:13:23,red,1
DV1aeoJQ1e,2025-08-03 16:13:53,black,11
JblRmK4mkO,2025-08-03 16:14:23,red,4
AKl5RM6Qr9,2025-08-03 16:14:53,red,5
O2l46vov1n,2025-08-03 16:15:23,black,14
8LknanEX13,2025-08-03 16:15:53,black,10
eRlv8o2J1j,2025-08-03 16:16:23,red,6
04lQmO5xln,2025-08-03 16:16:53,red,7
zokgZndA1y,2025-08-03 16:17:23,red,6
4J1mXnN6rj,2025-08-03 16:17:53,black,9
Jw1DPbNm1E,2025-08-03 16:18:23,black,9
o5rVGwgO1K,2025-08-03 16:18:54,black,11
2O1BXALWlK,2025-08-03 16:19:24,white,0
4ekjRn7Nk9,2025-08-03 16:19:54,white,0
YArww4GDrz,2025-08-03 16:20:24,red,7
pJ1ov4POrd,2025-08-03 16:20:54,black,9
KV16xRX7lB,2025-08-03 16:21:24,black,13
96rX6aDRkO,2025-08-03 16:21:54,red,1
mDlZwVBOrj,2025-08-03 16:22:24,white,0
9YrJN780rK,2025-08-03 16:22:54,red,7
jxrM7b20kQ,2025-08-03 16:23:24,red,1
LKl3WvwylN,2025-08-03 16:23:54,red,4
WplzmJ5Okn,2025-08-03 16:24:24,red,4
yAlAV97RrG,2025-08-03 16:24:54,red,7
3Ery2wRN1j,2025-08-03 16:25:24,red,4
KRkb4oAwrL,2025-08-03 16:25:54,red,1
GR1pDXea15,2025-08-03 16:26:24,white,0
3elYeBVGlL,2025-08-03 16:26:54,black,13
OWld4obAl3,2025-08-03 16:27:24,black,10
AXlOXYayrO,2025-08-03 16:27:55,black,11
M9rKaAqNk6,2025-08-03 16:28:25,black,8
WG17a0ZjlZ,2025-08-03 16:28:55,white,0
BylLPyWblG,2025-08-03 16:29:25,white,0
gM19q9A71A,2025-08-03 16:29:55,red,3
xmlNmpGbkv,2025-08-03 16:30:25,black,13
7dlEPpEMkv,2025-08-03 16:30:55,red,6
QqlPmdRRrz,2025-08-03 16:31:25,red,2
EV1eaope1o,2025-08-03 16:31:55,red,5
Nz1xzwa4lp,2025-08-03 16:32:25,black,11
V5k0X0p8kY,2025-08-03 16:32:55,red,7
vRl8R5NX1K,2025-08-03 16:33:25,red,5
3V1qw4nXlB,2025-08-03 16:33:55,red,4
MerWeaAgkX,2025-08-03 16:34:25,black,8
N8r2oWdN1b,2025-08-03 16:34:55,red,7
Y8kG7dnmkZ,2025-08-03 16:35:25,black,11
DV1aeo9Q1e,2025-08-03 16:35:55,red,3
JblRmK6mkO,2025-08-03 16:36:25,red,6
AKl5RM7Qr9,2025-08-03 16:36:56,red,6
O2l46vKv1n,2025-08-03 16:37:26,black,8
8LknanRX13,2025-08-03 16:37:56,white,0
eRlv8oDJ1j,2025-08-03 16:38:26,red,5
04lQmOoxln,2025-08-03 16:38:56,black,9
zokgZn0A1y,2025-08-03 16:39:26,black,10
4J1mXna6rj,2025-08-03 16:39:56,red,6
Jw1DPbRm1E,2025-08-03 16:40:26,black,9
o5rVGwMO1K,2025-08-03 16:40:56,red,7
2O1BXAGWlK,2025-08-03 16:41:26,black,8
4ekjRnWNk9,2025-08-03 16:41:56,white,0
YArww4VDrz,2025-08-03 16:42:26,black,14
pJ1ov45Ord,2025-08-03 16:42:56,black,11
KV16xRL7lB,2025-08-03 16:43:26,black,14
96rX6ayRkO,2025-08-03 16:43:56,black,8
mDlZwVpOrj,2025-08-03 16:44:26,red,4
9YrJN7g0rK,2025-08-03 16:44:56,white,0
jxrM7bV0kQ,2025-08-03 16:45:26,black,12
LKl3WvOylN,2025-08-03 16:45:57,red,4
WplzmJwOkn,2025-08-03 16:46:27,white,0
yAlAV92RrG,2025-08-03 16:46:57,black,9
3Ery2wjN1j,2025-08-03 16:47:27,red,1
KRkb4oNwrL,2025-08-03 16:47:57,black,9
GR1pDX4a15,2025-08-03 16:48:27,black,8
3elYeBbGlL,2025-08-03 16:48:57,red,7
OWld4oPAl3,2025-08-03 16:49:27,black,8
AXlOXYjyrO,2025-08-03 16:49:57,black,12
M9rKaAmNk6,2025-08-03 16:50:27,black,10
WG17a09jlZ,2025-08-03 16:50:57,black,12
BylLPyDblG,2025-08-03 16:51:27,black,14
gM19q9E71A,2025-08-03 16:51:57,black,12
xmlNmpBbkv,2025-08-03 16:52:27,white,0
yAlAV92MrG,2025-08-03 16:52:57,black,8
3Ery2wjR1j,2025-08-03 16:53:27,red,7
KRkb4oNNrL,2025-08-03 16:53:57,red,5
GR1pDX4L15,2025-08-03 16:54:27,black,9
3elYeBOolL,2025-08-03 16:54:58,black,13
OWld4oQVl3,2025-08-03 16:55:28,white,0
AXlOXYg0rO,2025-08-03 16:55:58,red,4
M9rKaAGOk6,2025-08-03 16:56:28,black,13
WG17a056lZ,2025-08-03 16:56:58,red,2
BylLPyRolG,2025-08-03 16:57:28,black,12
gM19q9Qv1A,2025-08-03 16:57:58,red,3
xmlNmpvmkv,2025-08-03 16:58:28,red,4
7dlEPpLOkv,2025-08-03 16:58:58,red,2
QqlPmdDdrz,2025-08-03 16:59:28,red,2
EV1eaomJ1o,2025-08-03 16:59:58,red,4
Nz1xzw4Alp,2025-08-03 17:00:28,black,12
V5k0X09jkY,2025-08-03 17:00:58,black,14
vRl8R5nd1K,2025-08-03 17:01:28,black,10
3V1qw4NqlB,2025-08-03 17:01:58,red,2
MerWeab0kX,2025-08-03 17:02:28,red,1
N8r2oWem1b,2025-08-03 17:02:58,black,9
Y8kG7dPQkZ,2025-08-03 17:03:28,black,8
DV1aeoab1e,2025-08-03 17:03:59,black,8
JblRmKw9kO,2025-08-03 17:04:29,red,6
AKl5RM23r9,2025-08-03 17:04:59,black,8
O2l46vqO1n,2025-08-03 17:05:29,white,0
8Lknand413,2025-08-03 17:05:59,red,1
eRlv8oGN1j,2025-08-03 17:06:29,black,12
04lQmOBRln,2025-08-03 17:06:59,black,8
zokgZnj81y,2025-08-03 17:07:29,black,13
4J1mXnpKrj,2025-08-03 17:07:59,white,0
Jw1DPbKO1E,2025-08-03 17:08:29,red,6
o5rVGwA01K,2025-08-03 17:08:59,white,0
2O1BXApelK,2025-08-03 17:09:29,red,5
4ekjRnJjk9,2025-08-03 17:09:59,red,6
YArww4Rgrz,2025-08-03 17:10:29,red,6
pJ1ov4Kjrd,2025-08-03 17:10:59,red,1
KV16xRa2lB,2025-08-03 17:11:29,black,9
96rX6aY9kO,2025-08-03 17:11:59,black,13
mDlZwV7nrj,2025-08-03 17:12:29,black,14
9YrJN7WJrK,2025-08-03 17:13:00,white,0
jxrM7b4pkQ,2025-08-03 17:13:30,red,1
LKl3Wv0blN,2025-08-03 17:14:00,black,14
WplzmJgKkn,2025-08-03 17:14:30,red,4
yAlAV9yMrG,2025-08-03 17:15:00,red,2
3Ery2wvR1j,2025-08-03 17:15:30,black,14
KRkb4o5NrL,2025-08-03 17:16:00,red,6
GR1pDXLL15,2025-08-03 17:16:30,black,10
3elYeDoolL,2025-08-03 17:17:00,red,3
OWld4JOVl3,2025-08-03 17:17:30,red,4
AXlOXPo0rO,2025-08-03 17:18:00,black,8
M9rKaz5Ok6,2025-08-03 17:18:30,black,10
WG17a7Q6lZ,2025-08-03 17:19:00,white,0
BylLPGpolG,2025-08-03 17:19:30,red,5
gM19qejv1A,2025-08-03 17:20:00,red,7
xmlNmxomkv,2025-08-03 17:20:30,red,3
7dlEPmROkv,2025-08-03 17:21:00,black,12
QqlPmXNdrz,2025-08-03 17:21:31,red,1
EV1eaJVJ1o,2025-08-03 17:22:01,red,2
Nz1xzpDAlp,2025-08-03 17:22:31,red,2
V5k0Xy8jkY,2025-08-03 17:23:01,red,1
vRl8RLDd1K,2025-08-03 17:23:31,black,9
3V1qwDmqlB,2025-08-03 17:24:01,black,8
MerWeno0kX,2025-08-03 17:24:31,black,9
N8r2opqm1b,2025-08-03 17:25:01,black,12
Y8kG73XQkZ,2025-08-03 17:25:31,red,7
DV1aeMVb1e,2025-08-03 17:26:01,white,0
JblRmP39kO,2025-08-03 17:26:31,red,1
AKl5ROv3r9,2025-08-03 17:27:01,red,5
O2l46dXO1n,2025-08-03 17:27:31,red,2
8LknaXm413,2025-08-03 17:28:01,black,9
eRlv8yZN1j,2025-08-03 17:28:31,black,10
04lQmXwRln,2025-08-03 17:29:01,red,5
zokgZJm81y,2025-08-03 17:29:31,white,0
4J1mX4mKrj,2025-08-03 17:30:01,black,13
Jw1DPG3O1E,2025-08-03 17:30:31,red,6
o5rVGPN01K,2025-08-03 17:31:02,black,9
2O1BX6BelK,2025-08-03 17:31:32,white,0
4ekjRzXjk9,2025-08-03 17:32:02,red,7
YArwwbZgrz,2025-08-03 17:32:32,white,0
pJ1ovRmjrd,2025-08-03 17:33:02,black,10
KV16xKM2lB,2025-08-03 17:33:32,black,11
96rX6Po9kO,2025-08-03 17:34:02,red,6
mDlZwNGnrj,2025-08-03 17:34:32,red,2
9YrJNGdJrK,2025-08-03 17:35:02,black,9
jxrM7RNpkQ,2025-08-03 17:35:32,black,9
LKl3WYgblN,2025-08-03 17:36:02,black,13
WplzmdZKkn,2025-08-03 17:36:32,red,6
yAlAVe5MrG,2025-08-03 17:37:02,red,3
3Ery2YKR1j,2025-08-03 17:37:32,red,3
KRkb4J6NrL,2025-08-03 17:38:02,red,3
GR1pDvNL15,2025-08-03 17:38:32,black,13
3elYeDnolL,2025-08-03 17:39:02,black,11
OWld4JVVl3,2025-08-03 17:39:33,black,10
AXlOXP50rO,2025-08-03 17:40:03,black,10
M9rKazbOk6,2025-08-03 17:40:33,red,1
WG17a7z6lZ,2025-08-03 17:41:03,black,12
BylLPGzolG,2025-08-03 17:41:33,black,10
gM19qeXv1A,2025-08-03 17:42:03,white,0
xmlNmx6mkv,2025-08-03 17:42:33,red,7
yAlAVembrG,2025-08-03 17:43:03,black,9
3Ery2YVw1j,2025-08-03 17:43:33,red,1
KRkb4JWJrL,2025-08-03 17:44:03,red,3
GR1pDv2G15,2025-08-03 17:44:33,white,0
3elYeDn6lL,2025-08-03 17:45:03,red,3
OWld4JVDl3,2025-08-03 17:45:33,white,0
AXlOXP57rO,2025-08-03 17:46:03,white,0
M9rKazb2k6,2025-08-03 17:46:33,black,8
WG17a7zmlZ,2025-08-03 17:47:03,red,5
BylLPGzmlG,2025-08-03 17:47:33,white,0
gM19qeX01A,2025-08-03 17:48:03,black,12
xmlNmx6Okv,2025-08-03 17:48:34,black,10
7dlEPmaYkv,2025-08-03 17:49:04,black,11
QqlPmXeBrz,2025-08-03 17:49:34,black,11
EV1eaJKz1o,2025-08-03 17:50:04,black,11
Nz1xzpQPlp,2025-08-03 17:50:34,red,4
V5k0XyLBkY,2025-08-03 17:51:04,black,8
vRl8RLXV1K,2025-08-03 17:51:34,red,5
3V1qwDozlB,2025-08-03 17:52:04,red,7
MerWenE4kX,2025-08-03 17:52:34,black,11
N8r2op271b,2025-08-03 17:53:04,black,13
Y8kG73bWkZ,2025-08-03 17:53:34,red,5
DV1aeMnj1e,2025-08-03 17:54:04,red,4
JblRmPLRkO,2025-08-03 17:54:34,red,3
AKl5ROa8r9,2025-08-03 17:55:04,red,2
O2l46dGz1n,2025-08-03 17:55:34,black,9
8LknaXDV13,2025-08-03 17:56:04,red,5
eRlv8yYW1j,2025-08-03 17:56:34,white,0
04lQmX7Jln,2025-08-03 17:57:04,red,1
zokgZJVg1y,2025-08-03 17:57:35,black,11
4J1mX4v3rj,2025-08-03 17:58:05,red,5
Jw1DPGaD1E,2025-08-03 17:58:35,red,6
o5rVGPX31K,2025-08-03 17:59:05,red,2
2O1BX6RLlK,2025-08-03 17:59:35,black,12
4ekjRz6Wk9,2025-08-03 18:00:05,black,14
YArwwbdRrz,2025-08-03 18:00:35,black,9
pJ1ovRQmrd,2025-08-03 18:01:05,black,10
KV16xKwGlB,2025-08-03 18:01:35,black,9
96rX6PwwkO,2025-08-03 18:02:05,black,10
mDlZwNKgrj,2025-08-03 18:02:35,red,4
9YrJNGyZrK,2025-08-03 18:03:05,red,7
jxrM7RY8kQ,2025-08-03 18:03:35,red,4
LKl3WYDMlN,2025-08-03 18:04:05,black,9
Wplzmdnmkn,2025-08-03 18:04:35,red,3
yAlAVe6brG,2025-08-03 18:05:05,red,1
3Ery2Y8w1j,2025-08-03 18:05:35,black,10
KRkb4JvJrL,2025-08-03 18:06:05,red,1
GR1pDvVG15,2025-08-03 18:06:36,red,1
3elYeD56lL,2025-08-03 18:07:06,red,2
OWld4JgDl3,2025-08-03 18:07:36,red,7
AXlOXP07rO,2025-08-03 18:08:06,white,0
M9rKazL2k6,2025-08-03 18:08:36,red,5
WG17a7DmlZ,2025-08-03 18:09:06,red,1
BylLPG9mlG,2025-08-03 18:09:36,red,4
gM19qeD01A,2025-08-03 18:10:06,black,11
xmlNmxLOkv,2025-08-03 18:10:36,red,1
7dlEPmAYkv,2025-08-03 18:11:06,red,6
QqlPmXoBrz,2025-08-03 18:11:36,red,6
EV1eaJgz1o,2025-08-03 18:12:06,black,13
Nz1xzpZPlp,2025-08-03 18:12:36,red,4
V5k0XyJBkY,2025-08-03 18:13:06,black,9
vRl8RLoV1K,2025-08-03 18:13:36,black,14
3V1qwDXzlB,2025-08-03 18:14:06,red,7
MerWen54kX,2025-08-03 18:14:36,white,0
N8r2opX71b,2025-08-03 18:15:06,black,8
Y8kG73gWkZ,2025-08-03 18:15:37,red,4
DV1aeMzj1e,2025-08-03 18:16:07,red,3
JblRmPgRkO,2025-08-03 18:16:37,red,2
AKl5ROX8r9,2025-08-03 18:17:07,red,3
O2l46dPz1n,2025-08-03 18:17:37,red,2
8LknaX0V13,2025-08-03 18:18:07,black,8
eRlv8ynW1j,2025-08-03 18:18:37,white,0
04lQmXgJln,2025-08-03 18:19:07,red,6
zokgZJ5g1y,2025-08-03 18:19:37,white,0
4J1mX4g3rj,2025-08-03 18:20:07,black,14
Jw1DPG7D1E,2025-08-03 18:20:37,red,5
2O1BX6QLlK,2025-08-03 18:21:37,red,1
4ekjRzgWk9,2025-08-03 18:22:07,red,2
YArwwbzRrz,2025-08-03 18:22:37,red,2
pJ1ovRJmrd,2025-08-03 18:23:07,red,4
KV16xK5GlB,2025-08-03 18:23:37,red,1
96rX6PLwkO,2025-08-03 18:24:08,red,7
mDlZwNggrj,2025-08-03 18:24:38,black,8
9YrJNGoZrK,2025-08-03 18:25:08,red,7
jxrM7R58kQ,2025-08-03 18:25:38,black,11
LKl3WYGMlN,2025-08-03 18:26:08,black,12
WplzmdYmkn,2025-08-03 18:26:38,red,7
yAlAVeqbrG,2025-08-03 18:27:08,red,3
3Ery2YZw1j,2025-08-03 18:27:38,red,1
KRkb4JYJrL,2025-08-03 18:28:08,red,2
GR1pDvmG15,2025-08-03 18:28:38,black,12
3elYeDz6lL,2025-08-03 18:29:08,black,12
OWld4JmDl3,2025-08-03 18:29:38,red,6
AXlOXP67rO,2025-08-03 18:30:08,black,14
M9rKazO2k6,2025-08-03 18:30:38,black,8
WG17a7JmlZ,2025-08-03 18:31:08,black,11
BylLPGgmlG,2025-08-03 18:31:38,red,5
gM19qe601A,2025-08-03 18:32:08,red,3
xmlNmxdOkv,2025-08-03 18:32:38,black,11
yAlAVeqArG,2025-08-03 18:33:09,red,4
3Ery2YZE1j,2025-08-03 18:33:39,black,12
KRkb4JYRrL,2025-08-03 18:34:09,black,11
GR1pDvmd15,2025-08-03 18:34:39,red,4
3elYeDzKlL,2025-08-03 18:35:09,red,1
OWld4Jmel3,2025-08-03 18:35:39,white,0
AXlOXP6ZrO,2025-08-03 18:36:09,red,3
M9rKazOPk6,2025-08-03 18:36:39,red,7
WG17a7JPlZ,2025-08-03 18:37:09,red,6
BylLPGg5lG,2025-08-03 18:37:39,red,2
gM19qe6L1A,2025-08-03 18:38:09,red,5
xmlNmxdWkv,2025-08-03 18:38:39,red,7
7dlEPmeykv,2025-08-03 18:39:09,black,13
QqlPmXVPrz,2025-08-03 18:39:39,red,6
EV1eaJ6R1o,2025-08-03 18:40:09,red,6
Nz1xzpOGlp,2025-08-03 18:40:39,red,7
V5k0XyqvkY,2025-08-03 18:41:09,black,9
vRl8RLjM1K,2025-08-03 18:41:39,black,10
3V1qwDV3lB,2025-08-03 18:42:10,white,0
MerWengNkX,2025-08-03 18:42:40,black,10
N8r2opwB1b,2025-08-03 18:43:10,red,3
Y8kG73NekZ,2025-08-03 18:43:40,white,0
DV1aeMw91e,2025-08-03 18:44:10,black,14
JblRmPawkO,2025-08-03 18:44:40,black,8
AKl5ROGvr9,2025-08-03 18:45:10,black,9
O2l46d2G1n,2025-08-03 18:45:40,black,13
8LknaXq013,2025-08-03 18:46:10,black,8
eRlv8yAa1j,2025-08-03 18:46:41,red,4
04lQmX66ln,2025-08-03 18:47:11,white,0
zokgZJ6L1y,2025-08-03 18:47:41,black,14
4J1mX4Vxrj,2025-08-03 18:48:11,red,1
Jw1DPGQP1E,2025-08-03 18:48:41,red,5
o5rVGP4K1K,2025-08-03 18:49:11,red,3
2O1BX6EAlK,2025-08-03 18:49:41,black,10
4ekjRzezk9,2025-08-03 18:50:11,red,6
YArwwbyQrz,2025-08-03 18:50:41,black,13
pJ1ovRo8rd,2025-08-03 18:51:11,red,5
KV16xKzplB,2025-08-03 18:51:41,black,8
96rX6P4VkO,2025-08-03 18:52:11,black,12
mDlZwNW6rj,2025-08-03 18:52:42,black,9
9YrJNGZwrK,2025-08-03 18:53:12,black,14
jxrM7R6XkQ,2025-08-03 18:53:42,black,11
LKl3WYE9lN,2025-08-03 18:54:12,red,7
WplzmdVokn,2025-08-03 18:54:42,black,9
yAlAVedArG,2025-08-03 18:55:12,red,6
3Ery2YpE1j,2025-08-03 18:55:42,black,11
KRkb4JgRrL,2025-08-03 18:56:12,red,1
GR1pDvJd15,2025-08-03 18:56:42,red,3
3elYeDwKlL,2025-08-03 18:57:12,black,8
OWld4Jvel3,2025-08-03 18:57:42,red,5
AXlOXPWZrO,2025-08-03 18:58:12,white,0
M9rKaz6Pk6,2025-08-03 18:58:42,black,11
WG17a76PlZ,2025-08-03 18:59:12,red,2
BylLPG65lG,2025-08-03 18:59:42,red,4
gM19qe4L1A,2025-08-03 19:00:12,red,4
xmlNmxRWkv,2025-08-03 19:00:43,red,1
7dlEPmzykv,2025-08-03 19:01:13,red,1
QqlPmXKPrz,2025-08-03 19:01:43,white,0
EV1eaJGR1o,2025-08-03 19:02:13,black,13
Nz1xzpbGlp,2025-08-03 19:02:43,red,5
V5k0XyGvkY,2025-08-03 19:03:13,red,6
vRl8RL4M1K,2025-08-03 19:03:43,black,14
3V1qwDQ3lB,2025-08-03 19:04:13,black,12
MerWenvNkX,2025-08-03 19:04:43,black,11
N8r2opNB1b,2025-08-03 19:05:13,red,1
Y8kG738ekZ,2025-08-03 19:05:43,red,5
DV1aeMp91e,2025-08-03 19:06:13,black,9
JblRmPVwkO,2025-08-03 19:06:43,red,5
AKl5ROgvr9,2025-08-03 19:07:13,black,8
O2l46dgG1n,2025-08-03 19:07:43,red,3
8LknaXQ013,2025-08-03 19:08:13,red,1
eRlv8yma1j,2025-08-03 19:08:43,red,1
04lQmXD6ln,2025-08-03 19:09:13,red,3
zokgZJLL1y,2025-08-03 19:09:44,red,2
4J1mX47xrj,2025-08-03 19:10:14,red,5
Jw1DPGjP1E,2025-08-03 19:10:44,red,1
o5rVGPDK1K,2025-08-03 19:11:14,red,3
2O1BX6jAlK,2025-08-03 19:11:44,red,1
4ekjRzDzk9,2025-08-03 19:12:14,red,6
YArwwbmQrz,2025-08-03 19:12:44,red,7
pJ1ovR28rd,2025-08-03 19:13:14,red,1
KV16xKgplB,2025-08-03 19:13:44,red,5
96rX6PvVkO,2025-08-03 19:14:14,black,8
mDlZwN56rj,2025-08-03 19:14:44,red,7
9YrJNGzwrK,2025-08-03 19:15:14,black,14
jxrM7R8XkQ,2025-08-03 19:15:44,red,1
LKl3WY29lN,2025-08-03 19:16:14,black,11
WplzmdAokn,2025-08-03 19:16:44,black,10
yAlAVeaArG,2025-08-03 19:17:14,black,14
3Ery2Y4E1j,2025-08-03 19:17:44,black,11
KRkb4JGRrL,2025-08-03 19:18:15,red,5
GR1pDv0d15,2025-08-03 19:18:45,black,14
3elYeDgKlL,2025-08-03 19:19:15,red,2
OWld4J8el3,2025-08-03 19:19:45,black,10
AXlOXPOZrO,2025-08-03 19:20:15,black,13
M9rKazWPk6,2025-08-03 19:20:45,black,12
WG17a7gPlZ,2025-08-03 19:21:15,black,14
BylLPGo5lG,2025-08-03 19:21:45,black,12
gM19qewL1A,2025-08-03 19:22:15,black,14
xmlNmxDWkv,2025-08-03 19:22:45,black,13
yAlAVeagrG,2025-08-03 19:23:15,red,6
3Ery2Y4G1j,2025-08-03 19:23:45,black,9
KRkb4JG2rL,2025-08-03 19:24:15,red,3
GR1pDv0P15,2025-08-03 19:24:45,red,6
3elYeDgJlL,2025-08-03 19:25:15,black,10
OWld4J8nl3,2025-08-03 19:25:45,red,2
AXlOXPOmrO,2025-08-03 19:26:15,white,0
M9rKazWXk6,2025-08-03 19:26:45,red,4
WG17a7gXlZ,2025-08-03 19:27:16,black,12
BylLPGoWlG,2025-08-03 19:27:46,black,8
gM19qewE1A,2025-08-03 19:28:16,red,2
xmlNmxDvkv,2025-08-03 19:28:46,black,8
7dlEPm3Rkv,2025-08-03 19:29:16,black,8
QqlPmX8erz,2025-08-03 19:29:46,black,8
EV1eaJAg1o,2025-08-03 19:30:16,black,11
Nz1xzp8Olp,2025-08-03 19:30:46,black,14
V5k0XyaGkY,2025-08-03 19:31:16,red,6
vRl8RL8g1K,2025-08-03 19:31:46,red,5
3V1qwDaalB,2025-08-03 19:32:16,black,14
MerWenYekX,2025-08-03 19:32:46,red,1
N8r2opQD1b,2025-08-03 19:33:16,red,5
Y8kG735dkZ,2025-08-03 19:33:46,red,4
DV1aeMQM1e,2025-08-03 19:34:16,red,7
JblRmPWnkO,2025-08-03 19:34:46,black,13
AKl5RODjr9,2025-08-03 19:35:16,red,1
O2l46day1n,2025-08-03 19:35:46,black,12
8LknaXZw13,2025-08-03 19:36:17,white,0
eRlv8yxw1j,2025-08-03 19:36:47,red,4
04lQmXGyln,2025-08-03 19:37:17,black,12
zokgZJbX1y,2025-08-03 19:37:47,red,3
4J1mX4xerj,2025-08-03 19:38:17,black,13
Jw1DPGex1E,2025-08-03 19:38:47,black,11
o5rVGPpy1K,2025-08-03 19:39:17,black,8
2O1BX6N2lK,2025-08-03 19:39:47,red,3
4ekjRzd5k9,2025-08-03 19:40:17,black,12
YArwwboErz,2025-08-03 19:40:47,black,14
pJ1ovR9drd,2025-08-03 19:41:17,red,5
KV16xKJVlB,2025-08-03 19:41:47,red,4
96rX6PdZkO,2025-08-03 19:42:17,red,6
mDlZwNvyrj,2025-08-03 19:42:47,black,13
9YrJNGRYrK,2025-08-03 19:43:17,red,4
jxrM7RGzkQ,2025-08-03 19:43:47,red,6
LKl3WYMplN,2025-08-03 19:44:17,red,5
Wplzmd7ykn,2025-08-03 19:44:47,black,10
yAlAVeNgrG,2025-08-03 19:45:18,red,5
3Ery2YoG1j,2025-08-03 19:45:48,red,2
KRkb4Jn2rL,2025-08-03 19:46:18,black,12
GR1pDvnP15,2025-08-03 19:46:48,red,5
3elYeDvJlL,2025-08-03 19:47:18,black,8
OWld4JGnl3,2025-08-03 19:47:48,black,11
AXlOXP9mrO,2025-08-03 19:48:18,red,2
M9rKazEXk6,2025-08-03 19:48:48,black,9
WG17a7RXlZ,2025-08-03 19:49:18,black,8
BylLPGKWlG,2025-08-03 19:49:48,red,6
gM19qevE1A,2025-08-03 19:50:18,black,12
xmlNmxEvkv,2025-08-03 19:50:48,red,6
7dlEPmPRkv,2025-08-03 19:51:18,red,7
QqlPmXmerz,2025-08-03 19:51:48,black,10
EV1eaJag1o,2025-08-03 19:52:19,black,8
Nz1xzpzOlp,2025-08-03 19:52:49,white,0
V5k0XyXGkY,2025-08-03 19:53:19,red,7
vRl8RLRg1K,2025-08-03 19:53:49,black,12
3V1qwDwalB,2025-08-03 19:54:19,black,13
MerWeneekX,2025-08-03 19:54:49,black,14
N8r2opoD1b,2025-08-03 19:55:19,black,9
Y8kG737dkZ,2025-08-03 19:55:49,red,1
DV1aeMeM1e,2025-08-03 19:56:19,black,9
JblRmPmnkO,2025-08-03 19:56:49,red,5
AKl5RORjr9,2025-08-03 19:57:19,red,3
O2l46d6y1n,2025-08-03 19:57:49,red,4
8LknaXaw13,2025-08-03 19:58:19,red,5
eRlv8y8w1j,2025-08-03 19:58:49,black,11
04lQmXmyln,2025-08-03 19:59:19,black,9
zokgZJZX1y,2025-08-03 19:59:49,black,12
4J1mX4Xerj,2025-08-03 20:00:19,red,5
Jw1DPGPx1E,2025-08-03 20:00:50,red,4
o5rVGPGy1K,2025-08-03 20:01:20,red,4
2O1BX6X2lK,2025-08-03 20:01:50,red,3
4ekjRzR5k9,2025-08-03 20:02:20,black,14
YArwwbwErz,2025-08-03 20:02:50,black,8
pJ1ovRvdrd,2025-08-03 20:03:20,black,10
KV16xKxVlB,2025-08-03 20:03:50,black,14
96rX6P6ZkO,2025-08-03 20:04:20,black,14
mDlZwNwyrj,2025-08-03 20:04:50,black,12
9YrJNGNYrK,2025-08-03 20:05:20,red,5
jxrM7R7zkQ,2025-08-03 20:05:50,black,8
LKl3WYWplN,2025-08-03 20:06:20,black,10
Wplzmdmykn,2025-08-03 20:06:50,red,5
yAlAVeVgrG,2025-08-03 20:07:20,red,4
3Ery2Y2G1j,2025-08-03 20:07:50,black,13
KRkb4J42rL,2025-08-03 20:08:20,red,5
GR1pDvDP15,2025-08-03 20:08:50,black,13
3elYeDeJlL,2025-08-03 20:09:21,black,9
OWld4J4nl3,2025-08-03 20:09:51,black,11
AXlOXPXmrO,2025-08-03 20:10:21,red,7
M9rKazaXk6,2025-08-03 20:10:51,red,2
WG17a7aXlZ,2025-08-03 20:11:21,white,0
BylLPGPWlG,2025-08-03 20:11:51,black,11
gM19qeqE1A,2025-08-03 20:12:21,black,14
xmlNmxmvkv,2025-08-03 20:12:51,red,7
yAlAVeb5rG,2025-08-03 20:13:21,black,9
3Ery2YbV1j,2025-08-03 20:13:51,red,6
KRkb4JxvrL,2025-08-03 20:14:21,red,3
GR1pDvQm15,2025-08-03 20:14:51,black,11
3elYeD9wlL,2025-08-03 20:15:21,red,5
OWld4J28l3,2025-08-03 20:15:51,red,2
AXlOXPA9rO,2025-08-03 20:16:21,red,7
M9rKazgak6,2025-08-03 20:16:51,red,7
WG17a7AAlZ,2025-08-03 20:17:21,black,9
BylLPGaylG,2025-08-03 20:17:51,red,6
gM19qebe1A,2025-08-03 20:18:22,red,4
xmlNmxaXkv,2025-08-03 20:18:52,red,3
7dlEPmO6kv,2025-08-03 20:19:22,black,13
QqlPmXy5rz,2025-08-03 20:19:52,red,5
EV1eaJnw1o,2025-08-03 20:20:22,red,7
Nz1xzpyWlp,2025-08-03 20:20:52,red,4
V5k0XyxmkY,2025-08-03 20:21:22,black,9
vRl8RLy61K,2025-08-03 20:21:52,red,7
3V1qwDEAlB,2025-08-03 20:22:22,black,8
MerWen6xkX,2025-08-03 20:22:52,black,13
N8r2opD31b,2025-08-03 20:23:22,black,12
Y8kG73oBkZ,2025-08-03 20:23:52,black,13
DV1aeM561e,2025-08-03 20:24:22,red,6
JblRmPpokO,2025-08-03 20:24:52,black,11
AKl5ROQBr9,2025-08-03 20:25:22,black,8
O2l46dQV1n,2025-08-03 20:25:52,black,14
8LknaXJ713,2025-08-03 20:26:22,black,9
eRlv8yRb1j,2025-08-03 20:26:52,black,12
04lQmXbNln,2025-08-03 20:27:23,red,1
zokgZJDa1y,2025-08-03 20:27:53,black,13
4J1mX4oyrj,2025-08-03 20:28:23,red,5
Jw1DPGdL1E,2025-08-03 20:28:53,red,7
o5rVGPKq1K,2025-08-03 20:29:23,red,7
2O1BX6zVlK,2025-08-03 20:29:53,black,12
4ekjRzoQk9,2025-08-03 20:30:23,red,2
YArwwbA2rz,2025-08-03 20:30:53,red,2
pJ1ovRnqrd,2025-08-03 20:31:23,red,6
KV16xKQZlB,2025-08-03 20:31:53,red,3
96rX6Pm3kO,2025-08-03 20:32:23,red,3
mDlZwNmerj,2025-08-03 20:32:53,black,10
9YrJNGeMrK,2025-08-03 20:33:23,white,0
jxrM7Re2kQ,2025-08-03 20:33:53,red,5
LKl3WYqOlN,2025-08-03 20:34:23,black,14
Wplzmdpgkn,2025-08-03 20:34:53,black,12
yAlAVe95rG,2025-08-03 20:35:23,black,12
3Ery2YwV1j,2025-08-03 20:35:53,red,5
KRkb4JovrL,2025-08-03 20:36:24,red,1
GR1pDvXm15,2025-08-03 20:36:54,red,3
3elYeDBwlL,2025-08-03 20:37:24,white,0
OWld4Jo8l3,2025-08-03 20:37:54,red,2
AXlOXPY9rO,2025-08-03 20:38:24,red,2
M9rKazAak6,2025-08-03 20:38:54,black,11
WG17a70AlZ,2025-08-03 20:39:24,red,7
BylLPGyylG,2025-08-03 20:39:54,red,1
gM19qe9e1A,2025-08-03 20:40:24,red,4
xmlNmxpXkv,2025-08-03 20:40:54,red,7
7dlEPmp6kv,2025-08-03 20:41:24,black,9
QqlPmXd5rz,2025-08-03 20:41:54,red,5
EV1eaJow1o,2025-08-03 20:42:24,red,2
Nz1xzpwWlp,2025-08-03 20:42:54,black,9
V5k0Xy0mkY,2025-08-03 20:43:24,black,14
vRl8RL561K,2025-08-03 20:43:54,black,12
3V1qwD4AlB,2025-08-03 20:44:24,black,10
MerWenaxkX,2025-08-03 20:44:54,red,3
N8r2opW31b,2025-08-03 20:45:25,black,8
Y8kG73dBkZ,2025-08-03 20:45:55,black,11
DV1aeMo61e,2025-08-03 20:46:25,red,2
JblRmPKokO,2025-08-03 20:46:55,black,8
AKl5ROMBr9,2025-08-03 20:47:25,red,3
O2l46dvV1n,2025-08-03 20:47:55,white,0
8LknaXn713,2025-08-03 20:48:25,black,11
eRlv8yob1j,2025-08-03 20:48:55,white,0
04lQmXONln,2025-08-03 20:49:25,black,10
zokgZJna1y,2025-08-03 20:49:55,black,13
4J1mX4nyrj,2025-08-03 20:50:25,black,14
Jw1DPGbL1E,2025-08-03 20:50:55,red,6
o5rVGPwq1K,2025-08-03 20:51:25,black,14
2O1BX6AVlK,2025-08-03 20:51:55,white,0
4ekjRznQk9,2025-08-03 20:52:25,red,1
YArwwb42rz,2025-08-03 20:52:55,red,5
pJ1ovR4qrd,2025-08-03 20:53:25,red,7
KV16xKRZlB,2025-08-03 20:53:55,black,10
96rX6Pa3kO,2025-08-03 20:54:26,red,2
mDlZwNVerj,2025-08-03 20:54:56,black,11
9YrJNG7MrK,2025-08-03 20:55:26,red,3
jxrM7Rb2kQ,2025-08-03 20:55:56,black,13
LKl3WYvOlN,2025-08-03 20:56:26,black,8
WplzmdJgkn,2025-08-03 20:56:56,black,8
yAlAVee5rG,2025-08-03 20:57:26,red,2
3Ery2YYV1j,2025-08-03 20:57:56,black,10
KRkb4JJvrL,2025-08-03 20:58:26,red,7
GR1pDvvm15,2025-08-03 20:58:56,black,9
3elYeDDwlL,2025-08-03 20:59:26,black,14
OWld4JJ8l3,2025-08-03 20:59:56,red,7
AXlOXPP9rO,2025-08-03 21:00:26,red,5
M9rKazzak6,2025-08-03 21:00:56,red,5
WG17a77AlZ,2025-08-03 21:01:26,white,0
BylLPGGylG,2025-08-03 21:01:56,red,7
gM19qeee1A,2025-08-03 21:02:27,red,2
xmlNmxxXkv,2025-08-03 21:02:57,black,11
yAlAVeeLrG,2025-08-03 21:03:27,white,0
3Ery2YYz1j,2025-08-03 21:03:57,black,12
KRkb4JJVrL,2025-08-03 21:04:27,white,0
GR1pDvvZ15,2025-08-03 21:04:57,black,8
3elYeDDLlL,2025-08-03 21:05:27,red,6
OWld4JJXl3,2025-08-03 21:05:57,red,1
AXlOXPPbrO,2025-08-03 21:06:27,black,14
M9rKazzpk6,2025-08-03 21:06:57,black,11
WG17a773lZ,2025-08-03 21:07:27,red,3
BylLPGGBlG,2025-08-03 21:07:57,red,4
gM19qee81A,2025-08-03 21:08:27,red,4
xmlNmxx4kv,2025-08-03 21:08:57,black,10
7dlEPmmNkv,2025-08-03 21:09:27,red,5
QqlPmXXWrz,2025-08-03 21:09:57,red,4
EV1eaJJZ1o,2025-08-03 21:10:27,black,8
Nz1xzppYlp,2025-08-03 21:10:57,red,7
V5k0XyyOkY,2025-08-03 21:11:28,red,4
vRl8RLLY1K,2025-08-03 21:11:58,white,0
3V1qwDDdlB,2025-08-03 21:12:28,black,9
MerWennQkX,2025-08-03 21:12:58,red,4
N8r2oppz1b,2025-08-03 21:13:28,red,4
Y8kG733YkZ,2025-08-03 21:13:58,black,8
DV1aeMMW1e,2025-08-03 21:14:28,black,10
JblRmPPqkO,2025-08-03 21:14:58,red,1
AKl5ROOVr9,2025-08-03 21:15:28,white,0
O2l46ddZ1n,2025-08-03 21:15:58,black,11
8LknaXX313,2025-08-03 21:16:28,black,10
eRlv8yyp1j,2025-08-03 21:16:58,red,1
04lQmXXMln,2025-08-03 21:17:28,white,0
zokgZJJd1y,2025-08-03 21:17:58,red,1
4J1mX44arj,2025-08-03 21:18:28,red,3
Jw1DPGGK1E,2025-08-03 21:18:58,black,10
o5rVGPnN1K,2025-08-03 21:19:28,red,7
2O1BX6xRlK,2025-08-03 21:19:58,black,13
4ekjRzZgk9,2025-08-03 21:20:29,black,11
YArwwbQ0rz,2025-08-03 21:20:59,black,9
pJ1ovRDord,2025-08-03 21:21:29,red,2
KV16xKAglB,2025-08-03 21:21:59,red,5
96rX6P8dkO,2025-08-03 21:22:29,red,2
mDlZwN8wrj,2025-08-03 21:22:59,black,12
9YrJNGqerK,2025-08-03 21:23:29,red,7
jxrM7RnbkQ,2025-08-03 21:23:59,red,1
LKl3WY6YlN,2025-08-03 21:24:29,black,14
Wplzmdbbkn,2025-08-03 21:24:59,black,14
yAlAVenLrG,2025-08-03 21:25:29,black,13
3Ery2Yyz1j,2025-08-03 21:25:59,black,11
KRkb4JQVrL,2025-08-03 21:26:29,black,13
GR1pDvGZ15,2025-08-03 21:26:59,black,11
3elYeDQLlL,2025-08-03 21:27:29,black,10
OWld4JzXl3,2025-08-03 21:27:59,red,3
AXlOXPnbrO,2025-08-03 21:28:29,red,6
M9rKazxpk6,2025-08-03 21:29:00,black,14
WG17a7y3lZ,2025-08-03 21:29:30,red,7
BylLPGnBlG,2025-08-03 21:30:00,red,2
gM19qep81A,2025-08-03 21:30:30,black,9
xmlNmxX4kv,2025-08-03 21:31:00,red,7
7dlEPmxNkv,2025-08-03 21:31:30,red,7
QqlPmXnWrz,2025-08-03 21:32:00,black,10
EV1eaJQZ1o,2025-08-03 21:32:30,black,12
Nz1xzpAYlp,2025-08-03 21:33:00,red,3
V5k0XywOkY,2025-08-03 21:33:30,black,8
vRl8RLbY1K,2025-08-03 21:34:00,black,14
3V1qwDGdlB,2025-08-03 21:34:30,red,6
MerWenDQkX,2025-08-03 21:35:00,black,12
N8r2op8z1b,2025-08-03 21:35:30,red,1
Y8kG73xYkZ,2025-08-03 21:36:00,black,11
DV1aeM8W1e,2025-08-03 21:36:30,black,8
JblRmPnqkO,2025-08-03 21:37:00,black,14
AKl5ROeVr9,2025-08-03 21:37:30,red,1
O2l46dJZ1n,2025-08-03 21:38:01,white,0
8LknaXv313,2025-08-03 21:38:31,black,13
eRlv8yJp1j,2025-08-03 21:39:01,black,13
04lQmXnMln,2025-08-03 21:39:31,black,8
zokgZJQd1y,2025-08-03 21:40:01,red,3
4J1mX4Garj,2025-08-03 21:40:31,black,12
Jw1DPG8K1E,2025-08-03 21:41:01,red,5
o5rVGPxN1K,2025-08-03 21:41:31,black,13
2O1BX69RlK,2025-08-03 21:42:01,red,3
4ekjRzvgk9,2025-08-03 21:42:31,black,14
YArwwbJ0rz,2025-08-03 21:43:01,red,7
pJ1ovR8ord,2025-08-03 21:43:31,red,3
KV16xKjglB,2025-08-03 21:44:01,red,7
96rX6PxdkO,2025-08-03 21:44:31,red,3
mDlZwNxwrj,2025-08-03 21:45:01,red,5
9YrJNGVerK,2025-08-03 21:45:31,black,8
jxrM7R3bkQ,2025-08-03 21:46:01,black,8
LKl3WYJYlN,2025-08-03 21:46:31,black,12
WplzmdGbkn,2025-08-03 21:47:02,red,6
yAlAVeLLrG,2025-08-03 21:47:32,black,10
3Ery2Ymz1j,2025-08-03 21:48:02,red,4
KRkb4JOVrL,2025-08-03 21:48:32,red,3
GR1pDvqZ15,2025-08-03 21:49:02,red,2
3elYeD6LlL,2025-08-03 21:49:32,black,8
OWld4J7Xl3,2025-08-03 21:50:02,red,5
AXlOXPVbrO,2025-08-03 21:50:32,black,12
M9rKazVpk6,2025-08-03 21:51:02,black,10
WG17a7o3lZ,2025-08-03 21:51:32,black,8
BylLPGjBlG,2025-08-03 21:52:02,black,9
gM19qey81A,2025-08-03 21:52:32,black,9
xmlNmxV4kv,2025-08-03 21:53:02,red,1
yAlAVeLKrG,2025-08-03 21:53:32,black,8
3Ery2Ym61j,2025-08-03 21:54:02,black,9
KRkb4JOZrL,2025-08-03 21:54:32,black,9
GR1pDvqR15,2025-08-03 21:55:02,red,1
3elYeD6WlL,2025-08-03 21:55:32,red,5
OWld4J7Wl3,2025-08-03 21:56:03,black,13
AXlOXPV3rO,2025-08-03 21:56:33,red,3
M9rKazV0k6,2025-08-03 21:57:03,red,1
WG17a7oWlZ,2025-08-03 21:57:33,red,1
BylLPGjLlG,2025-08-03 21:58:03,white,0
gM19qeyP1A,2025-08-03 21:58:33,red,6
xmlNmxVekv,2025-08-03 21:59:03,red,5
7dlEPm6Jkv,2025-08-03 21:59:33,red,1
QqlPmX2Orz,2025-08-03 22:00:03,red,3
EV1eaJL31o,2025-08-03 22:00:33,black,14
Nz1xzpJdlp,2025-08-03 22:01:03,red,3
V5k0XyjDkY,2025-08-03 22:01:33,red,1
vRl8RLAJ1K,2025-08-03 22:02:03,red,2
3V1qwD8nlB,2025-08-03 22:02:33,red,6
MerWenVbkX,2025-08-03 22:03:03,red,2
N8r2opRq1b,2025-08-03 22:03:33,red,2
Y8kG730bkZ,2025-08-03 22:04:03,black,9
DV1aeMDz1e,2025-08-03 22:04:33,red,4
JblRmPzakO,2025-08-03 22:05:04,red,6
AKl5RObGr9,2025-08-03 22:05:34,red,7
O2l46dyg1n,2025-08-03 22:06:04,red,1
8LknaXKZ13,2025-08-03 22:06:34,white,0
eRlv8yv81j,2025-08-03 22:07:04,red,4
04lQmXqbln,2025-08-03 22:07:34,red,2
zokgZJAn1y,2025-08-03 22:08:04,red,5
4J1mX4O4rj,2025-08-03 22:08:34,red,1
Jw1DPGg81E,2025-08-03 22:09:04,black,8
o5rVGPVx1K,2025-08-03 22:09:34,red,7
2O1BX6nnlK,2025-08-03 22:10:04,black,11
4ekjRzpwk9,2025-08-03 22:10:34,black,8
YArwwbvXrz,2025-08-03 22:11:04,red,3
pJ1ovR7xrd,2025-08-03 22:11:34,black,14
KV16xKpvlB,2025-08-03 22:12:04,red,7
96rX6PQNkO,2025-08-03 22:12:34,black,11
mDlZwNDqrj,2025-08-03 22:13:04,black,14
9YrJNGjLrK,2025-08-03 22:13:35,black,9
jxrM7RDjkQ,2025-08-03 22:14:05,black,10
LKl3WYANlN,2025-08-03 22:14:35,black,13
Wplzmdvxkn,2025-08-03 22:15:05,black,8
yAlAVeXKrG,2025-08-03 22:15:35,black,9
3Ery2Yz61j,2025-08-03 22:16:05,red,2
KRkb4JBZrL,2025-08-03 22:16:35,black,14
GR1pDvzR15,2025-08-03 22:17:05,black,14
3elYeDqWlL,2025-08-03 22:17:35,red,3
OWld4JDWl3,2025-08-03 22:18:05,black,12
AXlOXPR3rO,2025-08-03 22:18:35,red,3
M9rKazo0k6,2025-08-03 22:19:05,black,12
WG17a7YWlZ,2025-08-03 22:19:35,black,12
BylLPG0LlG,2025-08-03 22:20:05,red,3
gM19qeOP1A,2025-08-03 22:20:35,black,11
xmlNmxqekv,2025-08-03 22:21:05,red,3
7dlEPmgJkv,2025-08-03 22:21:35,black,12
QqlPmX5Orz,2025-08-03 22:22:05,white,0
EV1eaJD31o,2025-08-03 22:22:36,red,3
Nz1xzpodlp,2025-08-03 22:23:06,red,4
V5k0XyRDkY,2025-08-03 22:23:36,red,5
vRl8RLdJ1K,2025-08-03 22:24:06,red,3
3V1qwD9nlB,2025-08-03 22:24:36,black,9
MerWenqbkX,2025-08-03 22:25:06,red,1
N8r2opKq1b,2025-08-03 22:25:36,red,3
Y8kG73AbkZ,2025-08-03 22:26:06,red,3
DV1aeM2z1e,2025-08-03 22:26:36,red,7
JblRmPNakO,2025-08-03 22:27:06,red,1
AKl5RO9Gr9,2025-08-03 22:27:36,red,4
O2l46dLg1n,2025-08-03 22:28:06,red,3
8LknaXwZ13,2025-08-03 22:28:36,red,3
eRlv8yV81j,2025-08-03 22:29:06,red,7
04lQmX9bln,2025-08-03 22:29:36,red,4
zokgZJwn1y,2025-08-03 22:30:06,red,2
4J1mX464rj,2025-08-03 22:30:36,red,2
Jw1DPGo81E,2025-08-03 22:31:06,black,11
o5rVGP2x1K,2025-08-03 22:31:37,black,13
2O1BX6onlK,2025-08-03 22:32:07,red,1
4ekjRzwwk9,2025-08-03 22:32:37,red,1
YArwwbqXrz,2025-08-03 22:33:07,black,11
pJ1ovRZxrd,2025-08-03 22:33:37,black,13
KV16xKNvlB,2025-08-03 22:34:07,red,6
96rX6PVNkO,2025-08-03 22:34:37,red,1
mDlZwNQqrj,2025-08-03 22:35:07,red,5
9YrJNGpLrK,2025-08-03 22:35:37,black,10
jxrM7ROjkQ,2025-08-03 22:36:07,black,11
LKl3WY7NlN,2025-08-03 22:36:37,black,12
Wplzmdqxkn,2025-08-03 22:37:07,black,11
yAlAVeoKrG,2025-08-03 22:37:37,red,6
3Ery2Yq61j,2025-08-03 22:38:07,red,7
KRkb4JVZrL,2025-08-03 22:38:37,black,12
GR1pDvwR15,2025-08-03 22:39:07,black,8
3elYeD2WlL,2025-08-03 22:39:37,black,12
OWld4JwWl3,2025-08-03 22:40:08,black,12
AXlOXP73rO,2025-08-03 22:40:38,white,0
M9rKazY0k6,2025-08-03 22:41:08,red,5
WG17a7EWlZ,2025-08-03 22:41:38,black,13
BylLPGdLlG,2025-08-03 22:42:08,red,7
gM19qeoP1A,2025-08-03 22:42:38,red,3
xmlNmxKekv,2025-08-03 22:43:08,black,12
yAlAVeoJrG,2025-08-03 22:43:38,red,1
3Ery2Yq91j,2025-08-03 22:44:08,red,3
KRkb4JV3rL,2025-08-03 22:44:38,white,0
GR1pDvwo15,2025-08-03 22:45:08,black,10
3elYeD2MlL,2025-08-03 22:45:38,red,3
OWld4Jwbl3,2025-08-03 22:46:08,black,14
AXlOXP7jrO,2025-08-03 22:46:38,black,8
M9rKazYGk6,2025-08-03 22:47:08,red,3
WG17a7wQlZ,2025-08-03 22:47:38,red,3
BylLPG2zlG,2025-08-03 22:48:08,white,0
gM19qenD1A,2025-08-03 22:48:38,black,10
xmlNmx5dkv,2025-08-03 22:49:09,red,7
7dlEPmXzkv,2025-08-03 22:49:39,black,13
QqlPmX36rz,2025-08-03 22:50:09,red,2
EV1eaJqA1o,2025-08-03 22:50:39,black,10
Nz1xzpWzlp,2025-08-03 22:51:09,black,13
V5k0XyoxkY,2025-08-03 22:51:39,red,5
vRl8RLz51K,2025-08-03 22:52:09,black,11
3V1qwDWDlB,2025-08-03 22:52:39,black,9
MerWen0DkX,2025-08-03 22:53:09,red,1
N8r2opnM1b,2025-08-03 22:53:39,red,3
Y8kG7320kZ,2025-08-03 22:54:09,red,3
DV1aeMq21e,2025-08-03 22:54:39,black,14
JblRmP00kO,2025-08-03 22:55:09,black,10
AKl5ROnmr9,2025-08-03 22:55:39,red,1
O2l46dn41n,2025-08-03 22:56:09,black,13
8LknaXWx13,2025-08-03 22:56:39,white,0
eRlv8ywg1j,2025-08-03 22:57:09,white,0
04lQmX30ln,2025-08-03 22:57:40,red,4
zokgZJ2x1y,2025-08-03 22:58:10,red,6
4J1mX4j5rj,2025-08-03 22:58:40,black,10
Jw1DPGm41E,2025-08-03 22:59:10,red,6
o5rVGP8Y1K,2025-08-03 22:59:40,black,10
2O1BX63dlK,2025-08-03 23:00:10,black,14
4ekjRzGYk9,2025-08-03 23:00:40,black,13
YArwwbXprz,2025-08-03 23:01:10,red,3
pJ1ovRWMrd,2025-08-03 23:01:40,red,7
KV16xKDblB,2025-08-03 23:02:10,red,2
96rX6PWjkO,2025-08-03 23:02:40,red,4
mDlZwN6Arj,2025-08-03 23:03:10,black,12
9YrJNG2OrK,2025-08-03 23:03:40,red,4
jxrM7Ro9kQ,2025-08-03 23:04:11,red,5
LKl3WYnKlN,2025-08-03 23:04:41,black,11
WplzmdWRkn,2025-08-03 23:05:11,red,6
yAlAVe3JrG,2025-08-03 23:05:41,red,7
3Ery2Yn91j,2025-08-03 23:06:11,black,9
KRkb4Jq3rL,2025-08-03 23:06:41,red,5
GR1pDvZo15,2025-08-03 23:07:11,black,11
3elYeD0MlL,2025-08-03 23:07:41,white,0
OWld4J6bl3,2025-08-03 23:08:11,black,14
AXlOXPDjrO,2025-08-03 23:08:41,red,5
M9rKaz2Gk6,2025-08-03 23:09:11,black,14
WG17a7mQlZ,2025-08-03 23:09:41,red,7
BylLPGwzlG,2025-08-03 23:10:11,red,7
gM19qemD1A,2025-08-03 23:10:41,red,4
xmlNmxwdkv,2025-08-03 23:11:11,black,13
7dlEPmwzkv,2025-08-03 23:11:41,black,9
QqlPmXA6rz,2025-08-03 23:12:11,red,6
EV1eaJdA1o,2025-08-03 23:12:41,red,6
Nz1xzpjzlp,2025-08-03 23:13:12,black,14
V5k0XymxkY,2025-08-03 23:13:42,red,2
vRl8RLm51K,2025-08-03 23:14:12,black,12
3V1qwDjDlB,2025-08-03 23:14:42,black,9
MerWenKDkX,2025-08-03 23:15:12,red,6
N8r2opmM1b,2025-08-03 23:15:42,white,0
Y8kG73w0kZ,2025-08-03 23:16:12,red,3
DV1aeMy21e,2025-08-03 23:16:42,white,0
JblRmPb0kO,2025-08-03 23:17:12,red,2
AKl5ROmmr9,2025-08-03 23:17:42,black,11
O2l46dm41n,2025-08-03 23:18:12,red,3
8LknaXex13,2025-08-03 23:18:42,black,12
eRlv8yjg1j,2025-08-03 23:19:12,red,6
04lQmXy0ln,2025-08-03 23:19:42,red,3
zokgZJKx1y,2025-08-03 23:20:12,red,7
4J1mX4P5rj,2025-08-03 23:20:42,black,12
Jw1DPGw41E,2025-08-03 23:21:12,black,12
o5rVGPOY1K,2025-08-03 23:21:42,red,3
2O1BX6wdlK,2025-08-03 23:22:13,black,10
4ekjRz9Yk9,2025-08-03 23:22:43,white,0
YArwwbjprz,2025-08-03 23:23:13,red,6
pJ1ovRxMrd,2025-08-03 23:23:43,red,7
KV16xKmblB,2025-08-03 23:24:13,red,6
96rX6P7jkO,2025-08-03 23:24:43,black,11
mDlZwN9Arj,2025-08-03 23:25:13,black,12
9YrJNGwOrK,2025-08-03 23:25:43,black,10
jxrM7Rw9kQ,2025-08-03 23:26:13,black,8
LKl3WYoKlN,2025-08-03 23:26:43,black,13
WplzmdjRkn,2025-08-03 23:27:13,red,3
yAlAVewJrG,2025-08-03 23:27:43,black,10
3Ery2YX91j,2025-08-03 23:28:13,red,7
KRkb4Jb3rL,2025-08-03 23:28:43,red,6
GR1pDvjo15,2025-08-03 23:29:13,black,9
3elYeDLMlL,2025-08-03 23:29:43,black,8
OWld4JYbl3,2025-08-03 23:30:13,red,2
AXlOXPwjrO,2025-08-03 23:30:43,red,1
M9rKazwGk6,2025-08-03 23:31:14,black,11
WG17a74QlZ,2025-08-03 23:31:44,red,2
BylLPGmzlG,2025-08-03 23:32:14,red,6
gM19qe5D1A,2025-08-03 23:32:44,black,10
xmlNmxQdkv,2025-08-03 23:33:14,black,9
yAlAVejdrG,2025-08-03 23:33:44,red,6
3Ery2YD41j,2025-08-03 23:34:14,black,13
KRkb4JXnrL,2025-08-03 23:34:44,red,1
GR1pDv7D15,2025-08-03 23:35:14,black,12
3elYeDX9lL,2025-08-03 23:35:44,red,1
OWld4JXol3,2025-08-03 23:36:14,black,13
AXlOXPQPrO,2025-08-03 23:36:44,black,8
M9rKazQxk6,2025-08-03 23:37:14,red,3
WG17a74olZ,2025-08-03 23:37:44,red,7
BylLPGm0lG,2025-08-03 23:38:14,red,6
gM19qe5o1A,2025-08-03 23:38:44,red,4
xmlNmxQ5kv,2025-08-03 23:39:14,black,13
7dlEPmnwkv,2025-08-03 23:39:44,black,10
QqlPmXggrz,2025-08-03 23:40:15,black,13
EV1eaJXO1o,2025-08-03 23:40:45,black,9
Nz1xzp0glp,2025-08-03 23:41:15,black,13
V5k0Xyg3kY,2025-08-03 23:41:45,black,12
vRl8RL691K,2025-08-03 23:42:15,black,10
3V1qwDLvlB,2025-08-03 23:42:45,black,13
MerWenXpkX,2025-08-03 23:43:15,red,5
N8r2op4J1b,2025-08-03 23:43:45,black,8
Y8kG73Q9kZ,2025-08-03 23:44:15,black,9
DV1aeMXZ1e,2025-08-03 23:44:45,black,13
JblRmPQ2kO,2025-08-03 23:45:15,red,1
AKl5ROwNr9,2025-08-03 23:45:45,black,9
O2l46d4A1n,2025-08-03 23:46:15,red,5
8LknaXOb13,2025-08-03 23:46:45,red,7
eRlv8yeQ1j,2025-08-03 23:47:15,red,7
04lQmXQPln,2025-08-03 23:47:45,red,2
zokgZJXp1y,2025-08-03 23:48:15,red,7
4J1mX4dDrj,2025-08-03 23:48:45,red,6
Jw1DPGXY1E,2025-08-03 23:49:16,red,1
o5rVGPQJ1K,2025-08-03 23:49:46,red,7
2O1BX6WZlK,2025-08-03 23:50:16,black,8
4ekjRzb3k9,2025-08-03 23:50:46,black,9
YArwwbxYrz,2025-08-03 23:51:16,black,10
pJ1ovRzerd,2025-08-03 23:51:46,red,3
KV16xKvXlB,2025-08-03 23:52:16,red,3
96rX6PXykO,2025-08-03 23:52:46,white,0
mDlZwNX7rj,2025-08-03 23:53:16,black,8
9YrJNGDdrK,2025-08-03 23:53:46,black,14
jxrM7RAakQ,2025-08-03 23:54:16,black,8
LKl3WY9DlN,2025-08-03 23:54:46,red,5
WplzmdLYkn,2025-08-03 23:55:16,red,1
yAlAVeBdrG,2025-08-03 23:55:46,red,7
3Ery2Y741j,2025-08-03 23:56:16,red,6
KRkb4JpnrL,2025-08-03 23:56:46,red,1
GR1pDv8D15,2025-08-03 23:57:17,red,3
3elYeDE9lL,2025-08-03 23:57:47,black,12
OWld4Jdol3,2025-08-03 23:58:17,red,4
AXlOXPbPrO,2025-08-03 23:58:47,red,6
M9rKazjxk6,2025-08-03 23:59:17,black,8
WG17a7eolZ,2025-08-03 23:59:47,red,5
BylLPG30lG,2025-08-04 00:00:17,black,8
gM19qe0o1A,2025-08-04 00:00:47,red,3
xmlNmxy5kv,2025-08-04 00:01:17,black,14
7dlEPmDwkv,2025-08-04 00:01:47,black,10
QqlPmXpgrz,2025-08-04 00:02:17,black,11
EV1eaJOO1o,2025-08-04 00:02:47,black,14
Nz1xzpKglp,2025-08-04 00:03:17,red,6
V5k0XyK3kY,2025-08-04 00:03:47,red,5
vRl8RLx91K,2025-08-04 00:04:17,black,9
3V1qwDAvlB,2025-08-04 00:04:48,white,0
MerWen9pkX,2025-08-04 00:05:18,black,13
N8r2opLJ1b,2025-08-04 00:05:48,black,14
Y8kG73D9kZ,2025-08-04 00:06:18,black,12
DV1aeMbZ1e,2025-08-04 00:06:48,black,8
JblRmPd2kO,2025-08-04 00:07:18,black,11
AKl5ROENr9,2025-08-04 00:07:48,black,9
O2l46dNA1n,2025-08-04 00:08:18,red,1
8LknaXxb13,2025-08-04 00:08:48,red,5
eRlv8ydQ1j,2025-08-04 00:09:18,red,7
04lQmXYPln,2025-08-04 00:09:48,red,2
zokgZJ7p1y,2025-08-04 00:10:18,black,11
4J1mX4eDrj,2025-08-04 00:10:48,black,13
Jw1DPG6Y1E,2025-08-04 00:11:18,red,7
o5rVGPLJ1K,2025-08-04 00:11:48,black,9
2O1BX6DZlK,2025-08-04 00:12:18,black,8
4ekjRzN3k9,2025-08-04 00:12:48,black,11
YArwwbOYrz,2025-08-04 00:13:18,red,5
pJ1ovR0erd,2025-08-04 00:13:49,black,14
KV16xKPXlB,2025-08-04 00:14:19,red,4
96rX6PNykO,2025-08-04 00:14:49,red,7
mDlZwNP7rj,2025-08-04 00:15:19,red,2
9YrJNGbdrK,2025-08-04 00:15:49,black,8
jxrM7RdakQ,2025-08-04 00:16:19,black,13
LKl3WY5DlN,2025-08-04 00:16:49,black,14
WplzmdoYkn,2025-08-04 00:17:19,black,11
yAlAVeEdrG,2025-08-04 00:17:49,red,7
3Ery2Yg41j,2025-08-04 00:18:19,black,8
KRkb4JKnrL,2025-08-04 00:18:49,black,8
GR1pDvgD15,2025-08-04 00:19:19,black,13
3elYeD89lL,2025-08-04 00:19:49,black,13
OWld4JLol3,2025-08-04 00:20:19,red,4
AXlOXPKPrO,2025-08-04 00:20:49,red,2
M9rKazpxk6,2025-08-04 00:21:19,black,9
WG17a7bolZ,2025-08-04 00:21:49,black,10
BylLPGY0lG,2025-08-04 00:22:19,red,3
gM19qeYo1A,2025-08-04 00:22:50,black,9
xmlNmxO5kv,2025-08-04 00:23:20,black,13
yAlAVeEwrG,2025-08-04 00:23:50,black,12
3Ery2YgD1j,2025-08-04 00:24:20,red,6
KRkb4JKprL,2025-08-04 00:24:50,red,2
GR1pDvgg15,2025-08-04 00:25:20,black,14
3elYeD8YlL,2025-08-04 00:25:50,red,6
OWld4JLEl3,2025-08-04 00:26:20,black,13
AXlOXPKzrO,2025-08-04 00:26:50,red,7
M9rKazpZk6,2025-08-04 00:27:20,red,7
WG17a7bBlZ,2025-08-04 00:27:50,red,3
BylLPGYxlG,2025-08-04 00:28:20,black,12
gM19qeYK1A,2025-08-04 00:28:50,white,0
xmlNmxO0kv,2025-08-04 00:29:20,black,10
7dlEPm0vkv,2025-08-04 00:29:50,black,14
QqlPmX7Qrz,2025-08-04 00:30:20,black,13
EV1eaJ9j1o,2025-08-04 00:30:50,black,14
Nz1xzpgmlp,2025-08-04 00:31:20,black,9
V5k0XynEkY,2025-08-04 00:31:51,black,12
vRl8RLpa1K,2025-08-04 00:32:21,black,9
3V1qwDgylB,2025-08-04 00:32:51,red,7
MerWenxRkX,2025-08-04 00:33:21,red,5
N8r2op5g1b,2025-08-04 00:33:51,red,5
Y8kG73qZkZ,2025-08-04 00:34:21,red,5
DV1aeMO31e,2025-08-04 00:34:51,black,9
JblRmP9OkO,2025-08-04 00:35:21,black,8
AKl5ROAor9,2025-08-04 00:35:51,black,8
O2l46dMo1n,2025-08-04 00:36:21,black,10
8LknaXgR13,2025-08-04 00:36:51,red,1
eRlv8ygG1j,2025-08-04 00:37:21,white,0
04lQmX0wln,2025-08-04 00:37:51,black,14
zokgZJqV1y,2025-08-04 00:38:21,black,9
4J1mX4Ygrj,2025-08-04 00:38:51,black,8
Jw1DPGpE1E,2025-08-04 00:39:21,black,10
o5rVGPy41K,2025-08-04 00:39:51,red,7
2O1BX6yjlK,2025-08-04 00:40:21,black,10
4ekjRzydk9,2025-08-04 00:40:52,red,5
YArwwbewrz,2025-08-04 00:41:22,black,8
pJ1ovROnrd,2025-08-04 00:41:52,red,2
KV16xK3RlB,2025-08-04 00:42:22,black,14
96rX6PpPkO,2025-08-04 00:42:52,black,10
mDlZwNd8rj,2025-08-04 00:43:22,black,9
9YrJNGLVrK,2025-08-04 00:43:52,red,3
jxrM7REDkQ,2025-08-04 00:44:22,red,1
LKl3WY37lN,2025-08-04 00:44:52,red,6
Wplzmd8Wkn,2025-08-04 00:45:22,white,0
yAlAVeAwrG,2025-08-04 00:45:52,black,9
3Ery2Y0D1j,2025-08-04 00:46:22,black,11
KRkb4JPprL,2025-08-04 00:46:52,white,0
GR1pDvKg15,2025-08-04 00:47:22,black,13
3elYeDYYlL,2025-08-04 00:47:52,white,0
OWld4JxEl3,2025-08-04 00:48:22,red,4
AXlOXPezrO,2025-08-04 00:48:52,black,11
M9rKaz9Zk6,2025-08-04 00:49:22,black,14
WG17a73BlZ,2025-08-04 00:49:53,red,7
BylLPGNxlG,2025-08-04 00:50:23,black,13
gM19qe3K1A,2025-08-04 00:50:53,black,8
xmlNmxP0kv,2025-08-04 00:51:23,black,11
7dlEPmYvkv,2025-08-04 00:51:53,black,11
QqlPmXxQrz,2025-08-04 00:52:23,red,6
EV1eaJ0j1o,2025-08-04 00:52:53,red,5
Nz1xzpxmlp,2025-08-04 00:53:23,black,10
V5k0Xy3EkY,2025-08-04 00:53:53,black,11
vRl8RL3a1K,2025-08-04 00:54:23,black,11
3V1qwD7ylB,2025-08-04 00:54:53,red,1
MerWenzRkX,2025-08-04 00:55:23,black,13
N8r2op3g1b,2025-08-04 00:55:53,black,12
Y8kG73OZkZ,2025-08-04 00:56:23,red,1
DV1aeME31e,2025-08-04 00:56:53,black,8
JblRmP8OkO,2025-08-04 00:57:23,red,3
AKl5RO3or9,2025-08-04 00:57:53,black,14
O2l46d3o1n,2025-08-04 00:58:23,black,10
8LknaXzR13,2025-08-04 00:58:54,red,5
eRlv8yPG1j,2025-08-04 00:59:24,red,2
04lQmXzwln,2025-08-04 00:59:54,red,2
zokgZJxV1y,2025-08-04 01:00:24,white,0
4J1mX4Agrj,2025-08-04 01:00:54,white,0
Jw1DPGBE1E,2025-08-04 01:01:24,red,1
o5rVGPB41K,2025-08-04 01:01:54,red,7
2O1BX62jlK,2025-08-04 01:02:24,black,12
4ekjRzqdk9,2025-08-04 01:02:54,red,2
YArwwb9wrz,2025-08-04 01:03:24,red,5
pJ1ovRbnrd,2025-08-04 01:03:54,red,4
KV16xK7RlB,2025-08-04 01:04:24,black,9
96rX6PAPkO,2025-08-04 01:04:54,white,0
mDlZwNb8rj,2025-08-04 01:05:24,black,13
9YrJNGBVrK,2025-08-04 01:05:54,red,2
jxrM7RjDkQ,2025-08-04 01:06:24,red,5
LKl3WYd7lN,2025-08-04 01:06:54,red,2
WplzmdPWkn,2025-08-04 01:07:24,black,8
yAlAVeWwrG,2025-08-04 01:07:55,red,7
3Ery2YED1j,2025-08-04 01:08:25,red,4
KRkb4J9prL,2025-08-04 01:08:55,black,14
GR1pDvpg15,2025-08-04 01:09:25,red,6
3elYeDyYlL,2025-08-04 01:09:55,black,10
OWld4JEEl3,2025-08-04 01:10:25,black,13
AXlOXPBzrO,2025-08-04 01:10:55,red,1
M9rKazBZk6,2025-08-04 01:11:25,black,11
WG17a7LBlZ,2025-08-04 01:11:55,black,12
BylLPGBxlG,2025-08-04 01:12:25,black,11
gM19qeNK1A,2025-08-04 01:12:55,red,5
xmlNmx30kv,2025-08-04 01:13:25,black,8
yAlAVeWRrG,2025-08-04 01:13:55,black,10
3Ery2YEN1j,2025-08-04 01:14:25,red,1
KRkb4J9wrL,2025-08-04 01:14:55,red,3
GR1pDvpa15,2025-08-04 01:15:25,white,0
3elYeDyGlL,2025-08-04 01:15:55,black,12
OWld4JEAl3,2025-08-04 01:16:25,red,4
AXlOXPByrO,2025-08-04 01:16:56,red,7
M9rKazBNk6,2025-08-04 01:17:26,red,3
WG17a7LjlZ,2025-08-04 01:17:56,black,9
BylLPGBblG,2025-08-04 01:18:26,black,8
gM19qeN71A,2025-08-04 01:18:56,white,0
xmlNmx3bkv,2025-08-04 01:19:26,red,7
7dlEPmBMkv,2025-08-04 01:19:56,red,5
QqlPmXBRrz,2025-08-04 01:20:26,black,10
EV1eaJPe1o,2025-08-04 01:20:56,black,11
Nz1xzpN4lp,2025-08-04 01:21:26,black,8
V5k0Xy78kY,2025-08-04 01:21:56,black,8
vRl8RL0X1K,2025-08-04 01:22:26,black,10
3V1qwDvXlB,2025-08-04 01:22:56,red,2
MerWenwgkX,2025-08-04 01:23:26,black,10
N8r2op9N1b,2025-08-04 01:23:56,red,3
Y8kG736mkZ,2025-08-04 01:24:26,black,11
DV1aeM6Q1e,2025-08-04 01:24:56,red,4
JblRmPvmkO,2025-08-04 01:25:26,white,0
AKl5ROPQr9,2025-08-04 01:25:57,black,11
O2l46dEv1n,2025-08-04 01:26:27,red,3
8LknaX4X13,2025-08-04 01:26:57,red,3
eRlv8y5J1j,2025-08-04 01:27:27,red,4
04lQmXvxln,2025-08-04 01:27:57,black,8
zokgZJRA1y,2025-08-04 01:28:27,red,3
4J1mX456rj,2025-08-04 01:28:57,white,0
Jw1DPGvm1E,2025-08-04 01:29:27,red,3
o5rVGPRO1K,2025-08-04 01:29:57,red,3
2O1BX6vWlK,2025-08-04 01:30:27,black,9
4ekjRz5Nk9,2025-08-04 01:30:57,red,7
YArwwb5Drz,2025-08-04 01:31:27,red,2
pJ1ovRXOrd,2025-08-04 01:31:57,red,4
KV16xKe7lB,2025-08-04 01:32:27,black,11
96rX6PRRkO,2025-08-04 01:32:57,red,5
mDlZwNoOrj,2025-08-04 01:33:27,red,1
9YrJNGv0rK,2025-08-04 01:33:57,black,14
jxrM7Rv0kQ,2025-08-04 01:34:27,red,7
LKl3WYNylN,2025-08-04 01:34:58,black,11
WplzmdQOkn,2025-08-04 01:35:28,red,2
yAlAVevRrG,2025-08-04 01:35:58,red,4
3Ery2YJN1j,2025-08-04 01:36:28,black,12
KRkb4JRwrL,2025-08-04 01:36:58,black,9
GR1pDv5a15,2025-08-04 01:37:28,black,9
3elYeDRGlL,2025-08-04 01:37:58,black,12
OWld4JRAl3,2025-08-04 01:38:28,black,13
AXlOXPzyrO,2025-08-04 01:38:58,red,4
M9rKaz3Nk6,2025-08-04 01:39:28,black,14
WG17a7xjlZ,2025-08-04 01:39:58,black,13
BylLPGXblG,2025-08-04 01:40:28,black,14
gM19qe871A,2025-08-04 01:40:58,red,7
xmlNmxzbkv,2025-08-04 01:41:28,red,7
7dlEPmQMkv,2025-08-04 01:41:58,black,8
QqlPmXvRrz,2025-08-04 01:42:28,red,3
EV1eaJze1o,2025-08-04 01:42:58,red,1
Nz1xzp54lp,2025-08-04 01:43:28,red,4
V5k0Xyz8kY,2025-08-04 01:43:59,black,11
vRl8RLqX1K,2025-08-04 01:44:29,black,11
3V1qwDOXlB,2025-08-04 01:44:59,black,10
MerWenpgkX,2025-08-04 01:45:29,black,8
N8r2opEN1b,2025-08-04 01:45:59,black,9
Y8kG734mkZ,2025-08-04 01:46:29,red,7
DV1aeMPQ1e,2025-08-04 01:46:59,black,11
JblRmPomkO,2025-08-04 01:47:29,black,11
AKl5ROxQr9,2025-08-04 01:47:59,black,11
O2l46dev1n,2025-08-04 01:48:29,black,14
8LknaXpX13,2025-08-04 01:48:59,black,9
eRlv8yNJ1j,2025-08-04 01:49:29,red,3
04lQmX4xln,2025-08-04 01:49:59,red,6
zokgZJWA1y,2025-08-04 01:50:29,black,10
4J1mX4b6rj,2025-08-04 01:50:59,red,1
Jw1DPG4m1E,2025-08-04 01:51:29,red,5
o5rVGPbO1K,2025-08-04 01:51:59,black,14
2O1BX64WlK,2025-08-04 01:52:29,black,12
4ekjRzaNk9,2025-08-04 01:53:00,red,7
YArwwbEDrz,2025-08-04 01:53:30,red,6
pJ1ovRYOrd,2025-08-04 01:54:00,black,9
KV16xK07lB,2025-08-04 01:54:30,red,6
96rX6PzRkO,2025-08-04 01:55:00,red,3
mDlZwNOOrj,2025-08-04 01:55:30,black,12
9YrJNGX0rK,2025-08-04 01:56:00,red,2
jxrM7Rm0kQ,2025-08-04 01:56:30,red,3
LKl3WYPylN,2025-08-04 01:57:00,black,11
WplzmdxOkn,2025-08-04 01:57:30,red,2
yAlAVe4RrG,2025-08-04 01:58:00,red,2
3Ery2YeN1j,2025-08-04 01:58:30,red,5
KRkb4JewrL,2025-08-04 01:59:00,red,4
GR1pDvda15,2025-08-04 01:59:30,black,13
3elYeDdGlL,2025-08-04 02:00:00,red,3
OWld4J0Al3,2025-08-04 02:00:31,black,14
AXlOXP4yrO,2025-08-04 02:01:01,red,5
M9rKazZNk6,2025-08-04 02:01:31,red,2
WG17a78jlZ,2025-08-04 02:02:01,black,12
BylLPG4blG,2025-08-04 02:02:31,black,14
gM19qeW71A,2025-08-04 02:03:01,black,13
xmlNmx4bkv,2025-08-04 02:03:31,black,8
yAlAVe4MrG,2025-08-04 02:04:01,black,8
3Ery2YeR1j,2025-08-04 02:04:31,black,13
KRkb4JeNrL,2025-08-04 02:05:01,red,7
GR1pDvdL15,2025-08-04 02:05:31,black,10
3elYeDKolL,2025-08-04 02:06:01,red,4
OWld4JqVl3,2025-08-04 02:06:31,black,8
AXlOXPG0rO,2025-08-04 02:07:01,black,12
M9rKaz8Ok6,2025-08-04 02:07:31,black,12
WG17a7B6lZ,2025-08-04 02:08:01,black,12
BylLPGqolG,2025-08-04 02:08:31,red,6
gM19qeBv1A,2025-08-04 02:09:02,red,2
xmlNmx2mkv,2025-08-04 02:09:32,black,11
7dlEPmNOkv,2025-08-04 02:10:02,black,9
QqlPmXadrz,2025-08-04 02:10:32,black,13
EV1eaJWJ1o,2025-08-04 02:11:02,red,3
Nz1xzpeAlp,2025-08-04 02:11:32,black,11
V5k0XyBjkY,2025-08-04 02:12:02,red,2
vRl8RLBd1K,2025-08-04 02:12:32,black,8
3V1qwDKqlB,2025-08-04 02:13:02,red,5
MerWend0kX,2025-08-04 02:13:32,black,14
N8r2opJm1b,2025-08-04 02:14:02,red,2
Y8kG73zQkZ,2025-08-04 02:14:32,black,13
DV1aeMxb1e,2025-08-04 02:15:02,red,4
JblRmPA9kO,2025-08-04 02:15:32,red,3
AKl5ROB3r9,2025-08-04 02:16:02,black,9
O2l46dBO1n,2025-08-04 02:16:32,black,8
8LknaXY413,2025-08-04 02:17:02,black,11
eRlv8yEN1j,2025-08-04 02:17:32,red,6
04lQmXRRln,2025-08-04 02:18:03,black,8
zokgZJG81y,2025-08-04 02:18:33,black,14
4J1mX4zKrj,2025-08-04 02:19:03,black,11
Jw1DPG9O1E,2025-08-04 02:19:33,black,9
o5rVGPY01K,2025-08-04 02:20:03,black,14
2O1BX67elK,2025-08-04 02:20:33,red,1
4ekjRzAjk9,2025-08-04 02:21:03,black,10
YArwwbPgrz,2025-08-04 02:21:33,black,11
pJ1ovRdjrd,2025-08-04 02:22:03,red,5
KV16xKo2lB,2025-08-04 02:22:33,black,8
96rX6PO9kO,2025-08-04 02:23:03,black,10
mDlZwNznrj,2025-08-04 02:23:33,red,3
9YrJNG0JrK,2025-08-04 02:24:03,white,0
jxrM7RWpkQ,2025-08-04 02:24:33,black,14
LKl3WYBblN,2025-08-04 02:25:03,red,4
Wplzmd0Kkn,2025-08-04 02:25:33,red,5
yAlAVeKMrG,2025-08-04 02:26:03,black,12
3Ery2YxR1j,2025-08-04 02:26:33,black,10
KRkb4J0NrL,2025-08-04 02:27:04,red,6
GR1pDvOL15,2025-08-04 02:27:34,black,14
3elYeDpolL,2025-08-04 02:28:04,black,9
OWld4JeVl3,2025-08-04 02:28:34,red,3
AXlOXPq0rO,2025-08-04 02:29:04,red,1
M9rKazeOk6,2025-08-04 02:29:34,black,9
WG17a7V6lZ,2025-08-04 02:30:04,white,0
BylLPGxolG,2025-08-04 02:30:34,red,5
gM19qeVv1A,2025-08-04 02:31:04,red,6
xmlNmx8mkv,2025-08-04 02:31:34,red,2
7dlEPm7Okv,2025-08-04 02:32:04,red,2
QqlPmXWdrz,2025-08-04 02:32:34,red,1
EV1eaJxJ1o,2025-08-04 02:33:04,black,11
Nz1xzp6Alp,2025-08-04 02:33:34,red,6
V5k0XyMjkY,2025-08-04 02:34:04,red,7
vRl8RLVd1K,2025-08-04 02:34:34,black,9
3V1qwDZqlB,2025-08-04 02:35:04,black,14
MerWeny0kX,2025-08-04 02:35:34,black,8
N8r2opVm1b,2025-08-04 02:36:05,black,10
Y8kG739QkZ,2025-08-04 02:36:35,red,2
DV1aeMNb1e,2025-08-04 02:37:05,red,2
JblRmPG9kO,2025-08-04 02:37:35,black,9
AKl5ROJ3r9,2025-08-04 02:38:05,black,8
O2l46dVO1n,2025-08-04 02:38:35,red,3
8LknaX5413,2025-08-04 02:39:05,black,10
eRlv8y6N1j,2025-08-04 02:39:35,black,11
04lQmX2Rln,2025-08-04 02:40:05,red,5
zokgZJ881y,2025-08-04 02:40:35,red,1
4J1mX4RKrj,2025-08-04 02:41:05,red,5
Jw1DPGzO1E,2025-08-04 02:41:35,black,11
o5rVGPz01K,2025-08-04 02:42:05,red,5
2O1BX6delK,2025-08-04 02:42:35,black,13
4ekjRz2jk9,2025-08-04 02:43:05,red,6
YArwwb6grz,2025-08-04 02:43:35,black,9
pJ1ovR6jrd,2025-08-04 02:44:05,black,13
KV16xKV2lB,2025-08-04 02:44:35,red,3
96rX6Pb9kO,2025-08-04 02:45:06,red,5
mDlZwNYnrj,2025-08-04 02:45:36,black,8
9YrJNGPJrK,2025-08-04 02:46:06,red,6
jxrM7R0pkQ,2025-08-04 02:46:36,black,12
LKl3WYVblN,2025-08-04 02:47:06,black,12
Wplzmd6Kkn,2025-08-04 02:47:36,white,0
yAlAVeYMrG,2025-08-04 02:48:06,red,6
3Ery2Y6R1j,2025-08-04 02:48:36,black,10
KRkb4JENrL,2025-08-04 02:49:06,red,6
GR1pDv6L15,2025-08-04 02:49:36,red,3
3elYeDZolL,2025-08-04 02:50:06,black,14
OWld4JZVl3,2025-08-04 02:50:36,red,3
AXlOXPZ0rO,2025-08-04 02:51:06,red,2
M9rKaz4Ok6,2025-08-04 02:51:36,red,7
WG17a7d6lZ,2025-08-04 02:52:06,black,10
BylLPGZolG,2025-08-04 02:52:36,white,0
gM19qeKv1A,2025-08-04 02:53:06,white,0
xmlNmxZmkv,2025-08-04 02:53:36,black,10
yAlAVexbrG,2025-08-04 02:54:06,red,4
3Ery2YWw1j,2025-08-04 02:54:37,black,8
KRkb4JZJrL,2025-08-04 02:55:07,red,1
GR1pDv9G15,2025-08-04 02:55:37,red,2
3elYeDZ6lL,2025-08-04 02:56:07,black,10
OWld4JZDl3,2025-08-04 02:56:37,red,3
AXlOXPZ7rO,2025-08-04 02:57:07,red,7
M9rKaz42k6,2025-08-04 02:57:37,red,2
WG17a7dmlZ,2025-08-04 02:58:07,red,3
BylLPGZmlG,2025-08-04 02:58:37,red,7
gM19qeK01A,2025-08-04 02:59:07,red,3
xmlNmxZOkv,2025-08-04 02:59:37,black,12
7dlEPmWYkv,2025-08-04 03:00:07,black,9
QqlPmXZBrz,2025-08-04 03:00:37,red,4
EV1eaJZz1o,2025-08-04 03:01:07,black,8
Nz1xzpqPlp,2025-08-04 03:01:37,red,6
V5k0Xy5BkY,2025-08-04 03:02:07,red,4
vRl8RLOV1K,2025-08-04 03:02:37,black,11
3V1qwDzzlB,2025-08-04 03:03:08,red,5
MerWenZ4kX,2025-08-04 03:03:38,black,10
N8r2opA71b,2025-08-04 03:04:08,black,9
Y8kG73GWkZ,2025-08-04 03:04:38,black,9
DV1aeMZj1e,2025-08-04 03:05:08,black,8
JblRmPZRkO,2025-08-04 03:05:38,black,11
AKl5ROp8r9,2025-08-04 03:06:08,black,14
O2l46dbz1n,2025-08-04 03:06:38,black,14
8LknaX7V13,2025-08-04 03:07:08,red,4
eRlv8y0W1j,2025-08-04 03:07:38,red,6
04lQmXZJln,2025-08-04 03:08:08,white,0
zokgZJyg1y,2025-08-04 03:08:38,red,1
4J1mX4K3rj,2025-08-04 03:09:08,red,4
Jw1DPGqD1E,2025-08-04 03:09:38,black,12
o5rVGPZ31K,2025-08-04 03:10:08,red,3
2O1BX60LlK,2025-08-04 03:10:38,black,9
4ekjRzYWk9,2025-08-04 03:11:08,black,13
YArwwb8Rrz,2025-08-04 03:11:38,red,4
pJ1ovRamrd,2025-08-04 03:12:09,black,13
KV16xKWGlB,2025-08-04 03:12:39,black,11
96rX6PnwkO,2025-08-04 03:13:09,black,9
mDlZwNygrj,2025-08-04 03:13:39,black,8
9YrJNGEZrK,2025-08-04 03:14:09,black,10
jxrM7Rx8kQ,2025-08-04 03:14:39,black,8
LKl3WYzMlN,2025-08-04 03:15:09,white,0
WplzmdOmkn,2025-08-04 03:15:39,black,13
yAlAVepbrG,2025-08-04 03:16:09,black,11
3Ery2Ydw1j,2025-08-04 03:16:39,black,9
KRkb4JLJrL,2025-08-04 03:17:09,black,8
GR1pDvRG15,2025-08-04 03:17:39,white,0
3elYeDA6lL,2025-08-04 03:18:09,black,8
OWld4JNDl3,2025-08-04 03:18:39,black,9
AXlOXP87rO,2025-08-04 03:19:09,red,3
M9rKazP2k6,2025-08-04 03:19:39,red,4
WG17a72mlZ,2025-08-04 03:20:09,black,11
BylLPGemlG,2025-08-04 03:20:39,black,8
gM19qea01A,2025-08-04 03:21:10,red,5
xmlNmx0Okv,2025-08-04 03:21:40,black,14
7dlEPmKYkv,2025-08-04 03:22:10,red,4
QqlPmXqBrz,2025-08-04 03:22:40,black,13
EV1eaJEz1o,2025-08-04 03:23:10,black,8
Nz1xzpYPlp,2025-08-04 03:23:40,red,2
V5k0XyPBkY,2025-08-04 03:24:10,red,3
vRl8RLGV1K,2025-08-04 03:24:40,black,11
3V1qwD5zlB,2025-08-04 03:25:10,red,6
MerWen44kX,2025-08-04 03:25:40,red,3
N8r2opx71b,2025-08-04 03:26:10,black,11
Y8kG73LWkZ,2025-08-04 03:26:40,black,12
DV1aeM7j1e,2025-08-04 03:27:10,red,1
JblRmP2RkO,2025-08-04 03:27:40,red,4
AKl5ROq8r9,2025-08-04 03:28:10,black,11
O2l46d8z1n,2025-08-04 03:28:40,red,6
8LknaXGV13,2025-08-04 03:29:10,red,1
eRlv8ybW1j,2025-08-04 03:29:40,black,12
04lQmXWJln,2025-08-04 03:30:11,black,14
zokgZJeg1y,2025-08-04 03:30:41,black,13
4J1mX423rj,2025-08-04 03:31:11,red,1
Jw1DPGOD1E,2025-08-04 03:31:41,red,6
o5rVGP531K,2025-08-04 03:32:11,black,13
2O1BX6YLlK,2025-08-04 03:32:41,black,12
4ekjRz8Wk9,2025-08-04 03:33:11,red,3
YArwwbpRrz,2025-08-04 03:33:41,black,9
pJ1ovRMmrd,2025-08-04 03:34:11,black,14
KV16xKEGlB,2025-08-04 03:34:41,black,12
96rX6PqwkO,2025-08-04 03:35:11,black,12
mDlZwN2grj,2025-08-04 03:35:41,red,3
9YrJNGYZrK,2025-08-04 03:36:11,red,5
jxrM7RK8kQ,2025-08-04 03:36:41,black,10
LKl3WYLMlN,2025-08-04 03:37:11,red,4
WplzmdMmkn,2025-08-04 03:37:41,red,2
yAlAVeRbrG,2025-08-04 03:38:11,black,12
3Ery2YMw1j,2025-08-04 03:38:41,black,10
KRkb4JMJrL,2025-08-04 03:39:11,red,5
GR1pDvMG15,2025-08-04 03:39:42,red,3
3elYeDW6lL,2025-08-04 03:40:12,black,12
OWld4JMDl3,2025-08-04 03:40:42,black,11
AXlOXPL7rO,2025-08-04 03:41:12,white,0
M9rKazd2k6,2025-08-04 03:41:42,red,2
WG17a7PmlZ,2025-08-04 03:42:12,black,13
BylLPGOmlG,2025-08-04 03:42:42,black,8
gM19qex01A,2025-08-04 03:43:12,black,10
xmlNmx7Okv,2025-08-04 03:43:42,black,12
yAlAVeRArG,2025-08-04 03:44:12,red,1
3Ery2YME1j,2025-08-04 03:44:42,red,4
KRkb4JMRrL,2025-08-04 03:45:12,red,3
GR1pDvMd15,2025-08-04 03:45:42,black,11
3elYeDWKlL,2025-08-04 03:46:12,red,2
OWld4JMel3,2025-08-04 03:46:42,black,10
AXlOXPLZrO,2025-08-04 03:47:12,red,2
M9rKazdPk6,2025-08-04 03:47:42,red,7
WG17a7PPlZ,2025-08-04 03:48:13,red,2
BylLPGO5lG,2025-08-04 03:48:43,black,12
gM19qexL1A,2025-08-04 03:49:13,black,10
xmlNmx7Wkv,2025-08-04 03:49:43,red,5
7dlEPmvykv,2025-08-04 03:50:13,white,0
QqlPmX9Prz,2025-08-04 03:50:43,black,13
EV1eaJMR1o,2025-08-04 03:51:13,black,8
Nz1xzpMGlp,2025-08-04 03:51:43,red,7
V5k0XyOvkY,2025-08-04 03:52:13,black,10
vRl8RLeM1K,2025-08-04 03:52:43,red,3
3V1qwDM3lB,2025-08-04 03:53:13,black,10
MerWen8NkX,2025-08-04 03:53:43,black,14
N8r2op7B1b,2025-08-04 03:54:13,black,10
Y8kG73yekZ,2025-08-04 03:54:43,black,13
DV1aeMv91e,2025-08-04 03:55:13,white,0
JblRmPEwkO,2025-08-04 03:55:43,red,4
AKl5ROyvr9,2025-08-04 03:56:13,black,9
O2l46dAG1n,2025-08-04 03:56:43,red,5
8LknaXA013,2025-08-04 03:57:13,black,8
eRlv8y7a1j,2025-08-04 03:57:44,red,2
04lQmXA6ln,2025-08-04 03:58:14,black,14
zokgZJaL1y,2025-08-04 03:58:44,black,14
4J1mX4Qxrj,2025-08-04 03:59:14,black,11
Jw1DPG0P1E,2025-08-04 03:59:44,black,14
o5rVGPdK1K,2025-08-04 04:00:14,red,2
2O1BX6eAlK,2025-08-04 04:00:44,black,10
4ekjRz4zk9,2025-08-04 04:01:14,red,3
YArwwbLQrz,2025-08-04 04:01:44,black,13
pJ1ovRy8rd,2025-08-04 04:02:14,black,14
KV16xKbplB,2025-08-04 04:02:44,black,13
96rX6PKVkO,2025-08-04 04:03:14,red,2
mDlZwNL6rj,2025-08-04 04:03:44,black,14
9YrJNGawrK,2025-08-04 04:04:14,black,13
jxrM7RzXkQ,2025-08-04 04:04:44,white,0
LKl3WYQ9lN,2025-08-04 04:05:14,black,10
WplzmdEokn,2025-08-04 04:05:44,red,1
yAlAVePArG,2025-08-04 04:06:14,black,14
3Ery2YNE1j,2025-08-04 04:06:45,red,6
KRkb4J8RrL,2025-08-04 04:07:15,black,13
GR1pDvbd15,2025-08-04 04:07:45,red,3
3elYeD7KlL,2025-08-04 04:08:15,red,6
OWld4JWel3,2025-08-04 04:08:45,red,1
AXlOXPvZrO,2025-08-04 04:09:15,red,7
M9rKazRPk6,2025-08-04 04:09:45,red,2
WG17a7pPlZ,2025-08-04 04:10:15,red,7
BylLPG55lG,2025-08-04 04:10:45,red,6
gM19qedL1A,2025-08-04 04:11:15,black,10
xmlNmxnWkv,2025-08-04 04:11:45,black,13
7dlEPm8ykv,2025-08-04 04:12:15,black,9
QqlPmXQPrz,2025-08-04 04:12:45,red,4
EV1eaJ2R1o,2025-08-04 04:13:15,red,1
Nz1xzp9Glp,2025-08-04 04:13:45,black,12
V5k0Xy4vkY,2025-08-04 04:14:15,red,1
vRl8RLYM1K,2025-08-04 04:14:45,black,12
3V1qwDp3lB,2025-08-04 04:15:15,black,14
MerWenONkX,2025-08-04 04:15:46,black,12
N8r2opvB1b,2025-08-04 04:16:16,red,5
Y8kG73WekZ,2025-08-04 04:16:46,black,10
DV1aeM091e,2025-08-04 04:17:16,black,14
JblRmPywkO,2025-08-04 04:17:46,red,5
AKl5ROdvr9,2025-08-04 04:18:16,red,4
O2l46dYG1n,2025-08-04 04:18:46,red,1
8LknaXb013,2025-08-04 04:19:16,black,8
eRlv8y9a1j,2025-08-04 04:19:46,black,11
04lQmXj6ln,2025-08-04 04:20:16,red,4
zokgZJzL1y,2025-08-04 04:20:46,black,14
4J1mX4yxrj,2025-08-04 04:21:16,black,9
Jw1DPG2P1E,2025-08-04 04:21:46,black,13
o5rVGPjK1K,2025-08-04 04:22:16,black,14
2O1BX6qAlK,2025-08-04 04:22:46,red,4
4ekjRzjzk9,2025-08-04 04:23:16,red,6
YArwwbNQrz,2025-08-04 04:23:46,black,11
pJ1ovRp8rd,2025-08-04 04:24:16,red,2
KV16xKOplB,2025-08-04 04:24:47,red,1
96rX6PjVkO,2025-08-04 04:25:17,red,2
mDlZwNj6rj,2025-08-04 04:25:47,black,8
9YrJNGnwrK,2025-08-04 04:26:17,white,0
jxrM7RgXkQ,2025-08-04 04:26:47,black,12
LKl3WYp9lN,2025-08-04 04:27:17,red,6
Wplzmdeokn,2025-08-04 04:27:47,black,13
yAlAVe8ArG,2025-08-04 04:28:17,red,6
3Ery2YPE1j,2025-08-04 04:28:47,red,1
KRkb4JwRrL,2025-08-04 04:29:17,red,4
GR1pDvYd15,2025-08-04 04:29:47,black,13
3elYeDjKlL,2025-08-04 04:30:17,black,13
OWld4Jjel3,2025-08-04 04:30:47,black,8
AXlOXP3ZrO,2025-08-04 04:31:17,white,0
M9rKazvPk6,2025-08-04 04:31:47,black,13
WG17a7KPlZ,2025-08-04 04:32:17,black,10
BylLPGQ5lG,2025-08-04 04:32:47,black,9
gM19qeLL1A,2025-08-04 04:33:17,red,5
xmlNmxjWkv,2025-08-04 04:33:48,black,13
yAlAVe8grG,2025-08-04 04:34:18,white,0
3Ery2YPG1j,2025-08-04 04:34:48,black,13
KRkb4Jw2rL,2025-08-04 04:35:18,red,1
GR1pDvYP15,2025-08-04 04:35:48,red,7
3elYeDjJlL,2025-08-04 04:36:18,red,4
OWld4Jjnl3,2025-08-04 04:36:48,red,6
AXlOXP3mrO,2025-08-04 04:37:18,black,13
M9rKazvXk6,2025-08-04 04:37:48,white,0
WG17a7KXlZ,2025-08-04 04:38:18,black,10
BylLPGQWlG,2025-08-04 04:38:48,black,11
gM19qeLE1A,2025-08-04 04:39:18,red,4
xmlNmxjvkv,2025-08-04 04:39:48,black,8
7dlEPm9Rkv,2025-08-04 04:40:18,black,12
QqlPmXGerz,2025-08-04 04:40:48,red,6
EV1eaJNg1o,2025-08-04 04:41:18,black,12
Nz1xzpmOlp,2025-08-04 04:41:48,black,10
V5k0Xy2GkY,2025-08-04 04:42:18,black,11
vRl8RLQg1K,2025-08-04 04:42:49,red,2
3V1qwDRalB,2025-08-04 04:43:19,red,3
MerWenQekX,2025-08-04 04:43:49,black,13
N8r2opaD1b,2025-08-04 04:44:19,black,11
Y8kG73EdkZ,2025-08-04 04:44:49,black,13
DV1aeMKM1e,2025-08-04 04:45:19,black,12
JblRmPRnkO,2025-08-04 04:45:49,red,7
AKl5RO4jr9,2025-08-04 04:46:19,red,5
O2l46d5y1n,2025-08-04 04:46:49,black,10
8LknaX2w13,2025-08-04 04:47:19,black,13
eRlv8yQw1j,2025-08-04 04:47:49,red,2
04lQmXayln,2025-08-04 04:48:19,red,1
zokgZJPX1y,2025-08-04 04:48:49,red,6
4J1mX4Werj,2025-08-04 04:49:19,red,3
Jw1DPGLx1E,2025-08-04 04:49:49,black,11
o5rVGPvy1K,2025-08-04 04:50:19,white,0
2O1BX6K2lK,2025-08-04 04:50:49,red,4
4ekjRz05k9,2025-08-04 04:51:19,red,3
YArwwbgErz,2025-08-04 04:51:50,black,8
pJ1ovRGdrd,2025-08-04 04:52:20,red,1
KV16xKnVlB,2025-08-04 04:52:50,black,8
96rX6PgZkO,2025-08-04 04:53:20,black,11
mDlZwNAyrj,2025-08-04 04:53:50,black,13
9YrJNGxYrK,2025-08-04 04:54:20,red,1
jxrM7RqzkQ,2025-08-04 04:54:50,black,12
LKl3WYRplN,2025-08-04 04:55:20,red,2
Wplzmdyykn,2025-08-04 04:55:50,black,8
yAlAVeOgrG,2025-08-04 04:56:20,red,1
3Ery2YAG1j,2025-08-04 04:56:50,black,8
KRkb4J72rL,2025-08-04 04:57:20,black,11
GR1pDvaP15,2025-08-04 04:57:50,red,6
3elYeDmJlL,2025-08-04 04:58:20,black,14
OWld4J9nl3,2025-08-04 04:58:50,red,7
AXlOXP2mrO,2025-08-04 04:59:20,black,8
M9rKaz0Xk6,2025-08-04 04:59:50,red,5
WG17a7vXlZ,2025-08-04 05:00:20,white,0
BylLPG8WlG,2025-08-04 05:00:51,black,9
gM19qegE1A,2025-08-04 05:01:21,red,4
xmlNmxWvkv,2025-08-04 05:01:51,black,10
7dlEPmyRkv,2025-08-04 05:02:21,black,9
QqlPmXEerz,2025-08-04 05:02:51,red,2
EV1eaJBg1o,2025-08-04 05:03:21,black,13
Nz1xzpXOlp,2025-08-04 05:03:51,black,12
V5k0XyEGkY,2025-08-04 05:04:21,black,11
vRl8RL2g1K,2025-08-04 05:04:51,black,13
3V1qwDBalB,2025-08-04 05:05:21,red,4
MerWenWekX,2025-08-04 05:05:51,red,6
N8r2opzD1b,2025-08-04 05:06:21,red,4
Y8kG73pdkZ,2025-08-04 05:06:51,red,4
DV1aeMgM1e,2025-08-04 05:07:21,black,10
JblRmPenkO,2025-08-04 05:07:51,black,12
AKl5RO8jr9,2025-08-04 05:08:21,black,14
O2l46d0y1n,2025-08-04 05:08:51,black,11
8LknaXBw13,2025-08-04 05:09:21,red,1
eRlv8yBw1j,2025-08-04 05:09:52,black,8
04lQmXPyln,2025-08-04 05:10:22,black,8
zokgZJBX1y,2025-08-04 05:10:52,black,11
4J1mX4Zerj,2025-08-04 05:11:22,black,10
Jw1DPGAx1E,2025-08-04 05:11:52,red,5
o5rVGPqy1K,2025-08-04 05:12:22,white,0
2O1BX6m2lK,2025-08-04 05:12:52,black,9
4ekjRzB5k9,2025-08-04 05:13:22,red,4
YArwwbBErz,2025-08-04 05:13:52,red,7
pJ1ovRjdrd,2025-08-04 05:14:22,red,5
KV16xKqVlB,2025-08-04 05:14:52,red,7
96rX6P2ZkO,2025-08-04 05:15:22,red,7
mDlZwNayrj,2025-08-04 05:15:52,black,8
9YrJNGOYrK,2025-08-04 05:16:22,red,1
jxrM7RLzkQ,2025-08-04 05:16:52,red,6
LKl3WYxplN,2025-08-04 05:17:22,black,9
WplzmdBykn,2025-08-04 05:17:52,black,8
yAlAVeggrG,2025-08-04 05:18:22,black,12
3Ery2YBG1j,2025-08-04 05:18:53,white,0
KRkb4Jm2rL,2025-08-04 05:19:23,red,3
GR1pDvBP15,2025-08-04 05:19:53,red,1
3elYeDGJlL,2025-08-04 05:20:23,black,14
OWld4JBnl3,2025-08-04 05:20:53,black,13
AXlOXPNmrO,2025-08-04 05:21:23,red,1
M9rKazKXk6,2025-08-04 05:21:53,white,0
WG17a7WXlZ,2025-08-04 05:22:23,red,1
BylLPG7WlG,2025-08-04 05:22:53,red,3
gM19qeGE1A,2025-08-04 05:23:23,red,2
xmlNmx9vkv,2025-08-04 05:23:53,black,13
yAlAVeD5rG,2025-08-04 05:24:23,black,9
3Ery2YGV1j,2025-08-04 05:24:53,black,13
KRkb4JDvrL,2025-08-04 05:25:23,black,10
GR1pDvEm15,2025-08-04 05:25:53,black,9
3elYeDawlL,2025-08-04 05:26:23,black,13
OWld4JA8l3,2025-08-04 05:26:53,red,4
AXlOXPE9rO,2025-08-04 05:27:23,red,3
M9rKaz7ak6,2025-08-04 05:27:54,red,6
WG17a7GAlZ,2025-08-04 05:28:24,black,9
BylLPGLylG,2025-08-04 05:28:54,black,11
gM19qeRe1A,2025-08-04 05:29:24,red,2
xmlNmxNXkv,2025-08-04 05:29:54,red,5
7dlEPmb6kv,2025-08-04 05:30:24,red,5
QqlPmXP5rz,2025-08-04 05:30:54,black,8
EV1eaJyw1o,2025-08-04 05:31:24,red,2
Nz1xzp2Wlp,2025-08-04 05:31:54,black,13
V5k0XyemkY,2025-08-04 05:32:24,black,8
vRl8RLa61K,2025-08-04 05:32:54,red,7
3V1qwDPAlB,2025-08-04 05:33:24,red,7
MerWen2xkX,2025-08-04 05:33:54,red,1
N8r2op031b,2025-08-04 05:34:24,red,2
Y8kG73YBkZ,2025-08-04 05:34:54,red,1
DV1aeMm61e,2025-08-04 05:35:24,red,1
JblRmPxokO,2025-08-04 05:35:54,red,5
AKl5ROWBr9,2025-08-04 05:36:24,red,3
O2l46dzV1n,2025-08-04 05:36:55,red,4
8LknaX9713,2025-08-04 05:37:25,black,12
eRlv8yqb1j,2025-08-04 05:37:55,white,0
04lQmXeNln,2025-08-04 05:38:25,red,3
zokgZJpa1y,2025-08-04 05:38:55,black,8
4J1mX4Lyrj,2025-08-04 05:39:25,red,4
Jw1DPGyL1E,2025-08-04 05:39:55,white,0
o5rVGPWq1K,2025-08-04 05:40:25,red,1
2O1BX6VVlK,2025-08-04 05:40:55,red,1
4ekjRzOQk9,2025-08-04 05:41:25,red,6
YArwwbW2rz,2025-08-04 05:41:55,red,5
pJ1ovRNqrd,2025-08-04 05:42:25,black,12
KV16xK2ZlB,2025-08-04 05:42:55,red,5
96rX6PG3kO,2025-08-04 05:43:25,black,10
mDlZwNRerj,2025-08-04 05:43:55,black,12
9YrJNGKMrK,2025-08-04 05:44:25,black,13
jxrM7R92kQ,2025-08-04 05:44:55,black,8
LKl3WY8OlN,2025-08-04 05:45:25,white,0
Wplzmdagkn,2025-08-04 05:45:56,red,1
yAlAVeG5rG,2025-08-04 05:46:26,black,9
3Ery2YLV1j,2025-08-04 05:46:56,red,5
KRkb4J2vrL,2025-08-04 05:47:26,red,2
GR1pDvAm15,2025-08-04 05:47:56,black,10
3elYeDNwlL,2025-08-04 05:48:26,black,10
OWld4Ja8l3,2025-08-04 05:48:56,black,8
AXlOXPy9rO,2025-08-04 05:49:26,black,11
M9rKazDak6,2025-08-04 05:49:56,black,14
WG17a7NAlZ,2025-08-04 05:50:26,red,5
BylLPGVylG,2025-08-04 05:50:56,red,7
gM19qePe1A,2025-08-04 05:51:26,black,14
xmlNmxAXkv,2025-08-04 05:51:56,black,8
7dlEPm46kv,2025-08-04 05:52:26,black,13
QqlPmXb5rz,2025-08-04 05:52:56,red,2
EV1eaJRw1o,2025-08-04 05:53:26,red,2
Nz1xzp7Wlp,2025-08-04 05:53:56,black,11
V5k0XyYmkY,2025-08-04 05:54:26,black,13
vRl8RLE61K,2025-08-04 05:54:56,red,6
3V1qwDyAlB,2025-08-04 05:55:27,black,10
MerWenLxkX,2025-08-04 05:55:57,black,14
N8r2opO31b,2025-08-04 05:56:27,red,1
Y8kG73vBkZ,2025-08-04 05:56:57,red,7
DV1aeMW61e,2025-08-04 05:57:27,red,6
JblRmPYokO,2025-08-04 05:57:57,red,5
AKl5ROLBr9,2025-08-04 05:58:27,red,3
O2l46d7V1n,2025-08-04 05:58:57,black,11
8LknaXV713,2025-08-04 05:59:27,black,11
eRlv8yOb1j,2025-08-04 05:59:57,black,8
04lQmXpNln,2025-08-04 06:00:27,black,8
zokgZJ4a1y,2025-08-04 06:00:57,red,7
4J1mX4Dyrj,2025-08-04 06:01:27,black,9
Jw1DPG5L1E,2025-08-04 06:01:57,white,0
o5rVGP7q1K,2025-08-04 06:02:27,black,12
2O1BX6aVlK,2025-08-04 06:02:57,red,6
4ekjRzQQk9,2025-08-04 06:03:27,red,5
YArwwbK2rz,2025-08-04 06:03:58,red,1
pJ1ovRBqrd,2025-08-04 06:04:28,black,9
KV16xK9ZlB,2025-08-04 06:04:58,black,13
96rX6P93kO,2025-08-04 06:05:28,white,0
mDlZwNEerj,2025-08-04 06:05:58,black,8
9YrJNGmMrK,2025-08-04 06:06:28,red,4
jxrM7RB2kQ,2025-08-04 06:06:58,black,12
LKl3WYKOlN,2025-08-04 06:07:28,black,12
Wplzmd9gkn,2025-08-04 06:07:58,black,8
yAlAVez5rG,2025-08-04 06:08:28,red,3
3Ery2YaV1j,2025-08-04 06:08:58,red,7
KRkb4JjvrL,2025-08-04 06:09:28,black,11
GR1pDvPm15,2025-08-04 06:09:58,black,11
3elYeD4wlL,2025-08-04 06:10:28,black,11
OWld4Jy8l3,2025-08-04 06:10:58,black,8
AXlOXPx9rO,2025-08-04 06:11:28,white,0
M9rKazNak6,2025-08-04 06:11:58,red,1
WG17a7nAlZ,2025-08-04 06:12:28,black,9
BylLPGEylG,2025-08-04 06:12:59,black,9
gM19qeze1A,2025-08-04 06:13:29,black,12
xmlNmxeXkv,2025-08-04 06:13:59,red,7
yAlAVezLrG,2025-08-04 06:14:29,black,9
3Ery2Yaz1j,2025-08-04 06:14:59,red,2
KRkb4JjVrL,2025-08-04 06:15:29,black,9
GR1pDvPZ15,2025-08-04 06:15:59,red,4
3elYeD4LlL,2025-08-04 06:16:29,white,0
OWld4JyXl3,2025-08-04 06:16:59,black,13
AXlOXPxbrO,2025-08-04 06:17:29,black,8
M9rKazNpk6,2025-08-04 06:17:59,black,9
WG17a7n3lZ,2025-08-04 06:18:29,red,7
BylLPGEBlG,2025-08-04 06:18:59,black,14
gM19qez81A,2025-08-04 06:19:29,black,10
xmlNmxe4kv,2025-08-04 06:19:59,red,5
7dlEPmdNkv,2025-08-04 06:20:29,black,10
QqlPmX0Wrz,2025-08-04 06:20:59,red,6
EV1eaJbZ1o,2025-08-04 06:21:29,black,10
Nz1xzpGYlp,2025-08-04 06:22:00,black,13
V5k0XyWOkY,2025-08-04 06:22:30,red,1
vRl8RLvY1K,2025-08-04 06:23:00,black,8
3V1qwDedlB,2025-08-04 06:23:30,red,7
MerWenRQkX,2025-08-04 06:24:00,black,9
N8r2opGz1b,2025-08-04 06:24:30,black,12
Y8kG73KYkZ,2025-08-04 06:25:00,black,8
DV1aeMBW1e,2025-08-04 06:25:30,white,0
JblRmPqqkO,2025-08-04 06:26:00,black,11
AKl5RO5Vr9,2025-08-04 06:26:30,red,3
O2l46dRZ1n,2025-08-04 06:27:00,black,8
8LknaXN313,2025-08-04 06:27:30,red,6
eRlv8yWp1j,2025-08-04 06:28:00,black,14
04lQmX8Mln,2025-08-04 06:28:30,black,14
zokgZJYd1y,2025-08-04 06:29:00,red,3
4J1mX49arj,2025-08-04 06:29:30,black,11
Jw1DPGYK1E,2025-08-04 06:30:00,red,5
o5rVGPJN1K,2025-08-04 06:30:30,black,9
2O1BX6JRlK,2025-08-04 06:31:00,black,12
4ekjRzPgk9,2025-08-04 06:31:31,red,5
YArwwbn0rz,2025-08-04 06:32:01,red,3
pJ1ovRqord,2025-08-04 06:32:31,black,9
KV16xKBglB,2025-08-04 06:33:01,red,5
96rX6PJdkO,2025-08-04 06:33:31,red,1
mDlZwNJwrj,2025-08-04 06:34:01,red,1
9YrJNGJerK,2025-08-04 06:34:31,black,11
jxrM7RJbkQ,2025-08-04 06:35:01,white,0
LKl3WYmYlN,2025-08-04 06:35:31,red,5
Wplzmdzbkn,2025-08-04 06:36:01,black,9
yAlAVeJLrG,2025-08-04 06:36:31,black,14
3Ery2YQz1j,2025-08-04 06:37:01,red,6
KRkb4JdVrL,2025-08-04 06:37:31,red,5
GR1pDvWZ15,2025-08-04 06:38:01,black,8
3elYeDJLlL,2025-08-04 06:38:31,red,5
OWld4JKXl3,2025-08-04 06:39:01,black,11
AXlOXPJbrO,2025-08-04 06:39:31,red,5
M9rKazJpk6,2025-08-04 06:40:01,red,6
WG17a7j3lZ,2025-08-04 06:40:32,black,12
BylLPGJBlG,2025-08-04 06:41:02,black,9
gM19qeJ81A,2025-08-04 06:41:32,black,13
xmlNmxJ4kv,2025-08-04 06:42:02,black,11
7dlEPmJNkv,2025-08-04 06:42:32,black,11
QqlPmXJWrz,2025-08-04 06:43:02,red,5
EV1eaJ7Z1o,2025-08-04 06:43:32,black,8
Nz1xzpvYlp,2025-08-04 06:44:02,red,3
V5k0XyvOkY,2025-08-04 06:44:32,red,1
vRl8RLwY1K,2025-08-04 06:45:02,black,10
3V1qwD2dlB,2025-08-04 06:45:32,red,7
MerWenJQkX,2025-08-04 06:46:02,black,14
N8r2opgz1b,2025-08-04 06:46:32,red,2
Y8kG73JYkZ,2025-08-04 06:47:02,black,13
DV1aeMYW1e,2025-08-04 06:47:32,red,1
JblRmPJqkO,2025-08-04 06:48:02,white,0
AKl5ROVVr9,2025-08-04 06:48:32,red,6
O2l46dDZ1n,2025-08-04 06:49:02,black,8
8LknaX8313,2025-08-04 06:49:33,red,5
eRlv8y4p1j,2025-08-04 06:50:03,red,7
04lQmXJMln,2025-08-04 06:50:33,black,9
zokgZJ9d1y,2025-08-04 06:51:03,black,9
4J1mX40arj,2025-08-04 06:51:33,red,3
Jw1DPGJK1E,2025-08-04 06:52:03,red,1
o5rVGPEN1K,2025-08-04 06:52:33,black,8
2O1BX6ZRlK,2025-08-04 06:53:03,red,4
4ekjRzVgk9,2025-08-04 06:53:33,red,7
YArwwb70rz,2025-08-04 06:54:03,white,0
pJ1ovRAord,2025-08-04 06:54:33,red,5
KV16xKZglB,2025-08-04 06:55:03,black,10
96rX6PedkO,2025-08-04 06:55:33,red,2
mDlZwN0wrj,2025-08-04 06:56:03,red,6
9YrJNGAerK,2025-08-04 06:56:33,black,9
jxrM7RpbkQ,2025-08-04 06:57:03,black,11
LKl3WYZYlN,2025-08-04 06:57:33,black,9
WplzmdNbkn,2025-08-04 06:58:03,red,1
yAlAVeZLrG,2025-08-04 06:58:34,black,11
3Ery2Y9z1j,2025-08-04 06:59:04,red,2
KRkb4JzVrL,2025-08-04 06:59:34,red,1
GR1pDvyZ15,2025-08-04 07:00:04,black,12
3elYeDxLlL,2025-08-04 07:00:34,red,2
OWld4JnXl3,2025-08-04 07:01:04,black,8
AXlOXPdbrO,2025-08-04 07:01:34,black,11
M9rKazypk6,2025-08-04 07:02:04,white,0
WG17a7M3lZ,2025-08-04 07:02:34,red,7
BylLPGbBlG,2025-08-04 07:03:04,red,3
gM19qeZ81A,2025-08-04 07:03:34,black,14
xmlNmxY4kv,2025-08-04 07:04:04,red,3
yAlAVeZKrG,2025-08-04 07:04:34,black,12
3Ery2Y961j,2025-08-04 07:05:04,black,14
KRkb4JzZrL,2025-08-04 07:05:34,red,6
GR1pDvyR15,2025-08-04 07:06:04,black,11
3elYeDxWlL,2025-08-04 07:06:34,white,0
OWld4JnWl3,2025-08-04 07:07:04,black,12
AXlOXPd3rO,2025-08-04 07:07:35,red,4
M9rKazy0k6,2025-08-04 07:08:05,black,12
WG17a7MWlZ,2025-08-04 07:08:35,red,3
BylLPGbLlG,2025-08-04 07:09:05,red,7
gM19qeZP1A,2025-08-04 07:09:35,red,5
xmlNmxYekv,2025-08-04 07:10:05,red,5
7dlEPmZJkv,2025-08-04 07:10:35,white,0
QqlPmXOOrz,2025-08-04 07:11:05,white,0
EV1eaJv31o,2025-08-04 07:11:35,red,2
Nz1xzpLdlp,2025-08-04 07:12:05,white,0
V5k0XyZDkY,2025-08-04 07:12:35,black,11
vRl8RLMJ1K,2025-08-04 07:13:05,black,14
3V1qwDbnlB,2025-08-04 07:13:35,red,5
MerWenPbkX,2025-08-04 07:14:05,red,7
N8r2opyq1b,2025-08-04 07:14:35,black,13
Y8kG73abkZ,2025-08-04 07:15:05,black,11
DV1aeM3z1e,2025-08-04 07:15:35,black,13
JblRmPBakO,2025-08-04 07:16:05,red,6
AKl5ROYGr9,2025-08-04 07:16:36,black,13
O2l46dpg1n,2025-08-04 07:17:06,red,4
8LknaX3Z13,2025-08-04 07:17:36,black,11
eRlv8y381j,2025-08-04 07:18:06,red,7
04lQmXVbln,2025-08-04 07:18:36,black,11
zokgZJ3n1y,2025-08-04 07:19:06,black,14
4J1mX434rj,2025-08-04 07:19:36,black,10
Jw1DPGW81E,2025-08-04 07:20:06,black,13
o5rVGP6x1K,2025-08-04 07:20:36,red,5
2O1BX68nlK,2025-08-04 07:21:06,black,11
4ekjRz3wk9,2025-08-04 07:21:36,black,10
YArwwb3Xrz,2025-08-04 07:22:06,black,10
pJ1ovR3xrd,2025-08-04 07:22:36,red,2
KV16xKdvlB,2025-08-04 07:23:06,red,3
96rX6P3NkO,2025-08-04 07:23:36,black,12
mDlZwN3qrj,2025-08-04 07:24:06,red,2
9YrJNG4LrK,2025-08-04 07:24:36,black,10
jxrM7RQjkQ,2025-08-04 07:25:06,red,7
LKl3WYbNlN,2025-08-04 07:25:37,black,8
Wplzmd3xkn,2025-08-04 07:26:07,black,10
yAlAVe0KrG,2025-08-04 07:26:37,red,1
3Ery2Y361j,2025-08-04 07:27:07,red,2
KRkb4J3ZrL,2025-08-04 07:27:37,red,1
GR1pDv3R15,2025-08-04 07:28:07,black,8
3elYeD3WlL,2025-08-04 07:28:37,black,12
OWld4J3Wl3,2025-08-04 07:29:07,black,11
AXlOXPm3rO,2025-08-04 07:29:37,red,2
M9rKazn0k6,2025-08-04 07:30:07,red,2
WG17a7OWlZ,2025-08-04 07:30:37,red,3
BylLPGvLlG,2025-08-04 07:31:07,black,8
gM19qe7P1A,2025-08-04 07:31:37,red,1
xmlNmxgekv,2025-08-04 07:32:07,red,1
7dlEPm2Jkv,2025-08-04 07:32:37,black,11
QqlPmXzOrz,2025-08-04 07:33:07,black,10
EV1eaJ331o,2025-08-04 07:33:37,red,6
Nz1xzp3dlp,2025-08-04 07:34:07,red,1
V5k0Xy6DkY,2025-08-04 07:34:38,red,4
vRl8RLKJ1K,2025-08-04 07:35:08,black,12
3V1qwD3nlB,2025-08-04 07:35:38,black,11
MerWen3bkX,2025-08-04 07:36:08,red,3
N8r2opPq1b,2025-08-04 07:36:38,red,1
Y8kG73jbkZ,2025-08-04 07:37:08,red,1
DV1aeMGz1e,2025-08-04 07:37:38,red,7
JblRmPOakO,2025-08-04 07:38:08,white,0
AKl5RO0Gr9,2025-08-04 07:38:38,black,13
O2l46dxg1n,2025-08-04 07:39:08,red,1
8LknaXjZ13,2025-08-04 07:39:38,red,6
eRlv8yp81j,2025-08-04 07:40:08,red,5
04lQmXdbln,2025-08-04 07:40:38,white,0
zokgZJvn1y,2025-08-04 07:41:08,black,8
4J1mX4B4rj,2025-08-04 07:41:38,black,13
Jw1DPGD81E,2025-08-04 07:42:08,black,11
o5rVGP9x1K,2025-08-04 07:42:38,red,4
2O1BX6gnlK,2025-08-04 07:43:08,red,5
4ekjRzmwk9,2025-08-04 07:43:38,red,4
YArwwbYXrz,2025-08-04 07:44:09,black,9
pJ1ovRwxrd,2025-08-04 07:44:39,red,1
KV16xK8vlB,2025-08-04 07:45:09,red,1
96rX6PENkO,2025-08-04 07:45:39,black,11
mDlZwNeqrj,2025-08-04 07:46:09,black,13
9YrJNG6LrK,2025-08-04 07:46:39,black,13
jxrM7RyjkQ,2025-08-04 07:47:09,red,4
LKl3WYeNlN,2025-08-04 07:47:39,red,2
WplzmdKxkn,2025-08-04 07:48:09,black,10
yAlAVeQKrG,2025-08-04 07:48:39,red,2
3Ery2YO61j,2025-08-04 07:49:09,black,13
KRkb4JaZrL,2025-08-04 07:49:39,black,9
GR1pDvoR15,2025-08-04 07:50:09,black,11
3elYeDPWlL,2025-08-04 07:50:39,white,0
OWld4J5Wl3,2025-08-04 07:51:09,black,11
AXlOXPp3rO,2025-08-04 07:51:39,black,13
M9rKazX0k6,2025-08-04 07:52:09,black,13
WG17a7qWlZ,2025-08-04 07:52:39,black,13
BylLPGALlG,2025-08-04 07:53:10,black,12
gM19qe2P1A,2025-08-04 07:53:40,red,3
xmlNmxbekv,2025-08-04 07:54:10,red,4
yAlAVeQJrG,2025-08-04 07:54:40,red,6
3Ery2YO91j,2025-08-04 07:55:10,red,1
KRkb4Ja3rL,2025-08-04 07:55:40,red,3
GR1pDvoo15,2025-08-04 07:56:10,black,13
3elYeDPMlL,2025-08-04 07:56:40,black,11
OWld4J5bl3,2025-08-04 07:57:10,black,12
AXlOXPpjrO,2025-08-04 07:57:40,red,4
M9rKazXGk6,2025-08-04 07:58:10,black,9
WG17a7XQlZ,2025-08-04 07:58:40,red,6
BylLPGMzlG,2025-08-04 07:59:10,red,2
gM19qeMD1A,2025-08-04 07:59:40,black,13
xmlNmxMdkv,2025-08-04 08:00:10,red,3
7dlEPmMzkv,2025-08-04 08:00:40,black,13
QqlPmXM6rz,2025-08-04 08:01:10,black,13
EV1eaJYA1o,2025-08-04 08:01:40,red,2
Nz1xzpRzlp,2025-08-04 08:02:11,black,9
V5k0XyDxkY,2025-08-04 08:02:41,red,4
vRl8RLZ51K,2025-08-04 08:03:11,red,2
3V1qwD0DlB,2025-08-04 08:03:41,black,11
MerWenMDkX,2025-08-04 08:04:11,red,3
N8r2opBM1b,2025-08-04 08:04:41,black,8
Y8kG73M0kZ,2025-08-04 08:05:11,black,11
DV1aeMA21e,2025-08-04 08:05:41,black,12
JblRmPM0kO,2025-08-04 08:06:11,red,1
AKl5ROomr9,2025-08-04 08:06:41,red,7
O2l46dw41n,2025-08-04 08:07:11,red,2
8LknaXPx13,2025-08-04 08:07:41,red,2
eRlv8yzg1j,2025-08-04 08:08:11,red,3
04lQmXM0ln,2025-08-04 08:08:41,black,11
zokgZJOx1y,2025-08-04 08:09:11,red,1
4J1mX4E5rj,2025-08-04 08:09:41,red,7
Jw1DPGM41E,2025-08-04 08:10:11,black,14
o5rVGP3Y1K,2025-08-04 08:10:41,red,5
2O1BX6MdlK,2025-08-04 08:11:12,black,14
4ekjRzLYk9,2025-08-04 08:11:42,white,0
YArwwbaprz,2025-08-04 08:12:12,black,12
pJ1ovReMrd,2025-08-04 08:12:42,black,8
KV16xK6blB,2025-08-04 08:13:12,red,6
96rX6PMjkO,2025-08-04 08:13:42,red,7
mDlZwNMArj,2025-08-04 08:14:12,black,11
9YrJNGMOrK,2025-08-04 08:14:42,red,3
jxrM7RM9kQ,2025-08-04 08:15:12,red,3
LKl3WYjKlN,2025-08-04 08:15:42,red,3
Wplzmd4Rkn,2025-08-04 08:16:12,red,4
yAlAVeMJrG,2025-08-04 08:16:42,black,14
3Ery2Y591j,2025-08-04 08:17:12,red,2
KRkb4Jy3rL,2025-08-04 08:17:42,red,6
GR1pDvxo15,2025-08-04 08:18:12,red,5
3elYeDMMlL,2025-08-04 08:18:42,black,9
OWld4Jpbl3,2025-08-04 08:19:12,red,2
AXlOXPMjrO,2025-08-04 08:19:42,red,3
M9rKazMGk6,2025-08-04 08:20:13,black,11
WG17a7ZQlZ,2025-08-04 08:20:43,red,1
BylLPGWzlG,2025-08-04 08:21:13,red,2
gM19qeAD1A,2025-08-04 08:21:43,red,2
xmlNmxGdkv,2025-08-04 08:22:13,white,0
7dlEPmEzkv,2025-08-04 08:22:43,red,4
QqlPmXR6rz,2025-08-04 08:23:13,black,12
EV1eaJpA1o,2025-08-04 08:23:43,red,6
Nz1xzpazlp,2025-08-04 08:24:13,red,7
V5k0XyVxkY,2025-08-04 08:24:43,red,2
vRl8RLJ51K,2025-08-04 08:25:13,black,9
3V1qwDxDlB,2025-08-04 08:25:43,black,11
MerWenmDkX,2025-08-04 08:26:13,black,11
N8r2opjM1b,2025-08-04 08:26:43,black,13
Y8kG73e0kZ,2025-08-04 08:27:13,black,8
DV1aeMJ21e,2025-08-04 08:27:43,red,1
JblRmP40kO,2025-08-04 08:28:13,red,1
AKl5RO6mr9,2025-08-04 08:28:43,red,6
O2l46do41n,2025-08-04 08:29:14,black,11
8LknaXEx13,2025-08-04 08:29:44,red,3
eRlv8y2g1j,2025-08-04 08:30:14,red,4
04lQmX50ln,2025-08-04 08:30:44,red,2
zokgZJdx1y,2025-08-04 08:31:14,black,14
4J1mX4N5rj,2025-08-04 08:31:44,white,0
Jw1DPGN41E,2025-08-04 08:32:14,red,2
o5rVGPgY1K,2025-08-04 08:32:44,black,14
2O1BX6LdlK,2025-08-04 08:33:14,red,1
4ekjRz7Yk9,2025-08-04 08:33:44,black,13
YArwwbGprz,2025-08-04 08:34:14,red,2
pJ1ovRPMrd,2025-08-04 08:34:44,black,8
KV16xKXblB,2025-08-04 08:35:14,black,12
96rX6PDjkO,2025-08-04 08:35:44,red,7
mDlZwNBArj,2025-08-04 08:36:14,black,12
9YrJNG8OrK,2025-08-04 08:36:44,red,4
jxrM7R29kQ,2025-08-04 08:37:14,red,3
LKl3WYwKlN,2025-08-04 08:37:44,black,8
Wplzmd5Rkn,2025-08-04 08:38:15,black,9
yAlAVe7JrG,2025-08-04 08:38:45,black,12
3Ery2YR91j,2025-08-04 08:39:15,black,10
KRkb4JA3rL,2025-08-04 08:39:45,red,4
GR1pDveo15,2025-08-04 08:40:15,black,11
3elYeDVMlL,2025-08-04 08:40:45,red,7
OWld4Jbbl3,2025-08-04 08:41:15,black,13
AXlOXPajrO,2025-08-04 08:41:45,red,3
M9rKazqGk6,2025-08-04 08:42:15,black,12
WG17a79QlZ,2025-08-04 08:42:45,white,0
BylLPGDzlG,2025-08-04 08:43:15,white,0
gM19qeED1A,2025-08-04 08:43:45,red,4
xmlNmxBdkv,2025-08-04 08:44:15,red,1
yAlAVe2drG,2025-08-04 08:44:45,red,4
3Ery2Yj41j,2025-08-04 08:45:15,red,4
KRkb4JNnrL,2025-08-04 08:45:45,white,0
GR1pDv4D15,2025-08-04 08:46:15,red,7
3elYeDb9lL,2025-08-04 08:46:45,red,6
OWld4JPol3,2025-08-04 08:47:16,red,3
AXlOXPjPrO,2025-08-04 08:47:46,red,7
M9rKazmxk6,2025-08-04 08:48:16,red,7
WG17a79olZ,2025-08-04 08:48:46,red,7
BylLPGD0lG,2025-08-04 08:49:16,black,8
gM19qeEo1A,2025-08-04 08:49:46,red,7
xmlNmxB5kv,2025-08-04 08:50:16,black,12
7dlEPm5wkv,2025-08-04 08:50:46,black,11
QqlPmXwgrz,2025-08-04 08:51:16,red,5
EV1eaJeO1o,2025-08-04 08:51:46,black,13
Nz1xzpBglp,2025-08-04 08:52:16,black,10
V5k0Xyp3kY,2025-08-04 08:52:46,black,9
vRl8RLN91K,2025-08-04 08:53:16,black,14
3V1qwDnvlB,2025-08-04 08:53:46,white,0
MerWenApkX,2025-08-04 08:54:16,black,11
N8r2opdJ1b,2025-08-04 08:54:47,black,12
Y8kG73n9kZ,2025-08-04 08:55:17,black,14
DV1aeM9Z1e,2025-08-04 08:55:47,white,0
JblRmP62kO,2025-08-04 08:56:17,red,4
AKl5RO7Nr9,2025-08-04 08:56:47,black,11
O2l46dKA1n,2025-08-04 08:57:17,red,4
8LknaXRb13,2025-08-04 08:57:47,red,1
eRlv8yDQ1j,2025-08-04 08:58:17,black,12
04lQmXoPln,2025-08-04 08:58:47,black,14
zokgZJ0p1y,2025-08-04 08:59:17,red,4
4J1mX4aDrj,2025-08-04 08:59:47,black,13
Jw1DPGRY1E,2025-08-04 09:00:17,red,2
o5rVGPMJ1K,2025-08-04 09:00:47,white,0
2O1BX6GZlK,2025-08-04 09:01:18,red,4
4ekjRzW3k9,2025-08-04 09:01:48,white,0
YArwwbVYrz,2025-08-04 09:02:18,red,1
pJ1ovR5erd,2025-08-04 09:02:48,black,11
KV16xKLXlB,2025-08-04 09:03:18,black,10
96rX6PyykO,2025-08-04 09:03:48,black,9
mDlZwNp7rj,2025-08-04 09:04:18,black,10
9YrJNGWdrK,2025-08-04 09:04:48,red,4
jxrM7R4akQ,2025-08-04 09:05:18,red,7
LKl3WY0DlN,2025-08-04 09:05:48,red,2
WplzmdgYkn,2025-08-04 09:06:18,black,13
yAlAVeydrG,2025-08-04 09:06:48,black,14
3Ery2Yv41j,2025-08-04 09:07:18,red,4
KRkb4J5nrL,2025-08-04 09:07:48,red,2
GR1pDvLD15,2025-08-04 09:08:18,red,3
3elYeDO9lL,2025-08-04 09:08:48,red,4
OWld4JQol3,2025-08-04 09:09:18,black,10
AXlOXPgPrO,2025-08-04 09:09:48,red,3
M9rKazGxk6,2025-08-04 09:10:19,red,6
WG17a75olZ,2025-08-04 09:10:49,black,11
BylLPGR0lG,2025-08-04 09:11:19,black,8
gM19qeQo1A,2025-08-04 09:11:49,red,2
xmlNmxv5kv,2025-08-04 09:12:19,red,7
7dlEPmLwkv,2025-08-04 09:12:49,black,14
QqlPmXDgrz,2025-08-04 09:13:19,black,11
EV1eaJmO1o,2025-08-04 09:13:49,black,10
Nz1xzp4glp,2025-08-04 09:14:19,black,10
V5k0Xy93kY,2025-08-04 09:14:49,black,9
vRl8RLn91K,2025-08-04 09:15:19,red,6
3V1qwDNvlB,2025-08-04 09:15:49,black,13
MerWenbpkX,2025-08-04 09:16:19,black,13
N8r2opeJ1b,2025-08-04 09:16:49,red,1
Y8kG73P9kZ,2025-08-04 09:17:19,red,7
DV1aeMaZ1e,2025-08-04 09:17:49,white,0
JblRmPw2kO,2025-08-04 09:18:19,black,10
AKl5RO2Nr9,2025-08-04 09:18:49,black,13
O2l46dqA1n,2025-08-04 09:19:20,black,11
8LknaXdb13,2025-08-04 09:19:50,red,2
eRlv8yGQ1j,2025-08-04 09:20:20,black,14
04lQmXBPln,2025-08-04 09:20:50,red,5
zokgZJjp1y,2025-08-04 09:21:20,black,14
4J1mX4pDrj,2025-08-04 09:21:50,red,5
Jw1DPGKY1E,2025-08-04 09:22:20,red,7
o5rVGPAJ1K,2025-08-04 09:22:50,red,1
2O1BX6pZlK,2025-08-04 09:23:20,black,9
4ekjRzJ3k9,2025-08-04 09:23:50,red,6
YArwwbRYrz,2025-08-04 09:24:20,black,12
pJ1ovRKerd,2025-08-04 09:24:50,black,11
KV16xKaXlB,2025-08-04 09:25:20,black,10
96rX6PYykO,2025-08-04 09:25:50,black,9
mDlZwN77rj,2025-08-04 09:26:20,red,2
9YrJNqddrK,2025-08-04 09:26:50,black,10
jxrM7nNakQ,2025-08-04 09:27:20,white,0
LKl3W6gDlN,2025-08-04 09:27:50,black,11
WplzmbZYkn,2025-08-04 09:28:21,red,1
yAlAVn5drG,2025-08-04 09:28:51,black,14
3Ery2yK41j,2025-08-04 09:29:21,black,13
KRkb4Q6nrL,2025-08-04 09:29:51,red,1
GR1pDGND15,2025-08-04 09:30:21,black,10
3elYeQo9lL,2025-08-04 09:30:51,black,14
OWld4zOol3,2025-08-04 09:31:21,black,11
AXlOXnoPrO,2025-08-04 09:31:51,red,7
M9rKax5xk6,2025-08-04 09:32:21,white,0
WG17ayQolZ,2025-08-04 09:32:51,black,13
BylLPnp0lG,2025-08-04 09:33:21,red,5
gM19qpjo1A,2025-08-04 09:33:51,black,9
xmlNmXo5kv,2025-08-04 09:34:21,black,12
yAlAVn5wrG,2025-08-04 09:34:51,red,1
3Ery2yKD1j,2025-08-04 09:35:21,black,13
KRkb4Q6prL,2025-08-04 09:35:51,black,10
GR1pDGNg15,2025-08-04 09:36:21,white,0
3elYeQoYlL,2025-08-04 09:36:51,red,5
OWld4zOEl3,2025-08-04 09:37:22,red,2
AXlOXnozrO,2025-08-04 09:37:52,black,10
M9rKax5Zk6,2025-08-04 09:38:22,black,13
WG17ayQBlZ,2025-08-04 09:38:52,red,5
BylLPnpxlG,2025-08-04 09:39:22,red,7
gM19qpjK1A,2025-08-04 09:39:52,red,5
xmlNmXo0kv,2025-08-04 09:40:22,black,13
7dlEPxRvkv,2025-08-04 09:40:52,red,2
QqlPmnNQrz,2025-08-04 09:41:22,red,6
EV1eaQVj1o,2025-08-04 09:41:52,red,7
Nz1xzADmlp,2025-08-04 09:42:22,red,3
V5k0Xw8EkY,2025-08-04 09:42:52,black,12
vRl8RbDa1K,2025-08-04 09:43:22,white,0
3V1qwGmylB,2025-08-04 09:43:52,red,4
MerWeDoRkX,2025-08-04 09:44:22,black,14
N8r2o8qg1b,2025-08-04 09:44:52,black,11
Y8kG7xXZkZ,2025-08-04 09:45:22,black,14
DV1ae8V31e,2025-08-04 09:45:52,red,4
JblRmn3OkO,2025-08-04 09:46:23,black,13
AKl5Revor9,2025-08-04 09:46:53,black,11
O2l46JXo1n,2025-08-04 09:47:23,black,9
8LknavmR13,2025-08-04 09:47:53,black,11
eRlv8JZG1j,2025-08-04 09:48:23,red,3
04lQmn7wln,2025-08-04 09:48:53,red,7
zokgZQVV1y,2025-08-04 09:49:23,white,0
4J1mXGvgrj,2025-08-04 09:49:53,red,1
Jw1DP8aE1E,2025-08-04 09:50:23,red,4
o5rVGnX41K,2025-08-04 09:50:53,red,1
2O1BXxRjlK,2025-08-04 09:51:23,red,7
4ekjRZ6dk9,2025-08-04 09:51:53,red,7
YArwwQdwrz,2025-08-04 09:52:23,black,11
pJ1ovDVnrd,2025-08-04 09:52:53,black,11
KV16xAGRlB,2025-08-04 09:53:23,black,10
96rX68BPkO,2025-08-04 09:53:53,black,12
mDlZw848rj,2025-08-04 09:54:23,black,10
9YrJNq3VrK,2025-08-04 09:54:54,red,4
jxrM7naDkQ,2025-08-04 09:55:24,black,11
LKl3W6X7lN,2025-08-04 09:55:54,black,9
WplzmbXWkn,2025-08-04 09:56:24,black,10
yAlAVnmwrG,2025-08-04 09:56:54,red,7
3Ery2yVD1j,2025-08-04 09:57:24,black,13
KRkb4QWprL,2025-08-04 09:57:54,red,6
GR1pDG2g15,2025-08-04 09:58:24,black,10
3elYeQnYlL,2025-08-04 09:58:54,white,0
OWld4zVEl3,2025-08-04 09:59:24,black,12
AXlOXn5zrO,2025-08-04 09:59:54,white,0
M9rKaxbZk6,2025-08-04 10:00:24,red,4
WG17ayzBlZ,2025-08-04 10:00:54,white,0
BylLPnzxlG,2025-08-04 10:01:24,red,4
gM19qpXK1A,2025-08-04 10:01:54,red,7
xmlNmX60kv,2025-08-04 10:02:24,black,13
7dlEPxavkv,2025-08-04 10:02:54,red,4
QqlPmneQrz,2025-08-04 10:03:24,black,9
EV1eaQKj1o,2025-08-04 10:03:55,red,1
Nz1xzAQmlp,2025-08-04 10:04:25,black,12
V5k0XwLEkY,2025-08-04 10:04:55,black,8
vRl8RbXa1K,2025-08-04 10:05:25,white,0
3V1qwGoylB,2025-08-04 10:05:55,black,9
MerWeDERkX,2025-08-04 10:06:25,red,4
N8r2o82g1b,2025-08-04 10:06:55,black,11
Y8kG7xbZkZ,2025-08-04 10:07:25,black,11
DV1ae8n31e,2025-08-04 10:07:55,red,6
JblRmnLOkO,2025-08-04 10:08:25,black,14
AKl5Reaor9,2025-08-04 10:08:55,red,5
O2l46JGo1n,2025-08-04 10:09:25,black,8
8LknavDR13,2025-08-04 10:09:55,red,7
eRlv8JYG1j,2025-08-04 10:10:25,red,4
04lQmngwln,2025-08-04 10:10:55,red,3
zokgZQ5V1y,2025-08-04 10:11:25,black,14
4J1mXGggrj,2025-08-04 10:11:55,red,5
Jw1DP87E1E,2025-08-04 10:12:25,black,11
o5rVGnm41K,2025-08-04 10:12:56,red,4
2O1BXxQjlK,2025-08-04 10:13:26,red,5
4ekjRZgdk9,2025-08-04 10:13:56,red,5
YArwwQzwrz,2025-08-04 10:14:26,black,10
pJ1ovDQnrd,2025-08-04 10:14:56,white,0
KV16xAwRlB,2025-08-04 10:15:26,red,3
96rX68wPkO,2025-08-04 10:15:56,red,7
mDlZw8K8rj,2025-08-04 10:16:26,red,7
9YrJNqyVrK,2025-08-04 10:16:56,black,12
jxrM7nYDkQ,2025-08-04 10:17:26,red,2
LKl3W6D7lN,2025-08-04 10:17:56,red,7
WplzmbnWkn,2025-08-04 10:18:26,red,7
yAlAVn6wrG,2025-08-04 10:18:56,black,8
3Ery2y8D1j,2025-08-04 10:19:26,black,9
KRkb4QvprL,2025-08-04 10:19:56,red,6
GR1pDGVg15,2025-08-04 10:20:26,black,9
3elYeQ5YlL,2025-08-04 10:20:56,black,10
OWld4zgEl3,2025-08-04 10:21:26,black,8
AXlOXn0zrO,2025-08-04 10:21:57,black,12
M9rKaxLZk6,2025-08-04 10:22:27,black,10
WG17ayDBlZ,2025-08-04 10:22:57,red,4
BylLPn9xlG,2025-08-04 10:23:27,black,14
gM19qpDK1A,2025-08-04 10:23:57,red,5
04lQmn6xln,2025-08-04 11:01:01,red,2
zokgZQ6A1y,2025-08-04 11:01:31,black,10
4J1mXGV6rj,2025-08-04 11:02:01,black,11
Jw1DP8Qm1E,2025-08-04 11:02:31,black,8
o5rVGn4O1K,2025-08-04 11:03:01,red,6
2O1BXxEWlK,2025-08-04 11:03:31,black,10
4ekjRZeNk9,2025-08-04 11:04:01,red,5
YArwwQyDrz,2025-08-04 11:04:31,red,6
pJ1ovDoOrd,2025-08-04 11:05:01,red,1
KV16xAz7lB,2025-08-04 11:05:32,black,13
96rX684RkO,2025-08-04 11:06:02,red,3
mDlZw8WOrj,2025-08-04 11:06:32,red,7
9YrJNqZ0rK,2025-08-04 11:07:02,red,7
jxrM7n60kQ,2025-08-04 11:07:32,red,5
LKl3W6EylN,2025-08-04 11:08:02,red,1
WplzmbVOkn,2025-08-04 11:08:32,red,7
yAlAVndRrG,2025-08-04 11:09:02,red,2
3Ery2ypN1j,2025-08-04 11:09:32,black,9
KRkb4QgwrL,2025-08-04 11:10:02,black,13
GR1pDGJa15,2025-08-04 11:10:32,red,4
3elYeQwGlL,2025-08-04 11:11:02,black,13
OWld4zvAl3,2025-08-04 11:11:32,red,5
AXlOXnWyrO,2025-08-04 11:12:02,black,11
M9rKax6Nk6,2025-08-04 11:12:32,red,5
WG17ay6jlZ,2025-08-04 11:13:02,black,11
BylLPn6blG,2025-08-04 11:13:32,red,5
gM19qp471A,2025-08-04 11:14:02,red,7
xmlNmXRbkv,2025-08-04 11:14:33,black,14
yAlAVndMrG,2025-08-04 11:15:03,red,6
3Ery2ypR1j,2025-08-04 11:15:33,black,12
OWld4z8Vl3,2025-08-04 11:17:33,black,9
AXlOXnO0rO,2025-08-04 11:18:03,red,4
M9rKaxWOk6,2025-08-04 11:18:33,black,10
WG17ayg6lZ,2025-08-04 11:19:03,red,5
BylLPnoolG,2025-08-04 11:19:33,black,8
gM19qpwv1A,2025-08-04 11:20:03,black,12
xmlNmXDmkv,2025-08-04 11:20:33,black,14
7dlEPxqOkv,2025-08-04 11:21:03,black,11
QqlPmn6drz,2025-08-04 11:21:33,black,9
EV1eaQ5J1o,2025-08-04 11:22:03,black,11
Nz1xzAVAlp,2025-08-04 11:22:33,red,6
V5k0XwQjkY,2025-08-04 11:23:03,white,0
vRl8Rbgd1K,2025-08-04 11:23:34,black,13
3V1qwGJqlB,2025-08-04 11:24:04,black,12
MerWeD70kX,2025-08-04 11:24:34,red,3
N8r2o86m1b,2025-08-04 11:25:04,white,0
Y8kG7xmQkZ,2025-08-04 11:25:34,red,4
